filename,joint,x,y,z,u,v,isincluded
0000000.jpg,0,0.6769542098045349,0.018831662833690643,-5.790103386971168e-05,433,9,1
0000000.jpg,1,0.6375508308410645,0.04954248666763306,-0.009351967833936214,408,23,1
0000000.jpg,2,0.62070232629776,0.09373810887336731,-0.01645517908036709,397,44,1
0000000.jpg,3,0.615847110748291,0.14288264513015747,-0.014843784272670746,394,68,1
0000000.jpg,4,0.6106665134429932,0.18281754851341248,-0.012629439122974873,390,87,1
0000000.jpg,5,0.6509471535682678,0.12591926753520966,-0.05088870972394943,416,60,1
0000000.jpg,6,0.6476657390594482,0.19602522253990173,-0.05498335883021355,414,94,1
0000000.jpg,7,0.6445849537849426,0.23437881469726562,-0.051598675549030304,412,112,1
0000000.jpg,8,0.6428578495979309,0.2626604735851288,-0.047384947538375854,411,126,1
0000000.jpg,9,0.6759433746337891,0.12821340560913086,-0.03729276731610298,432,61,1
0000000.jpg,10,0.6770456433296204,0.201790913939476,-0.04551617428660393,433,96,1
0000000.jpg,11,0.6777428388595581,0.24382340908050537,-0.04069167748093605,433,117,1
0000000.jpg,12,0.6792306303977966,0.2748855948448181,-0.036554209887981415,434,131,1
0000000.jpg,13,0.6954355835914612,0.12440117448568344,-0.019927309826016426,445,59,1
0000000.jpg,14,0.7001524567604065,0.19060906767845154,-0.024509059265255928,448,91,1
0000000.jpg,15,0.7016875147819519,0.23007473349571228,-0.022849567234516144,449,110,1
0000000.jpg,16,0.7039070129394531,0.2588074505329132,-0.02184954285621643,450,124,1
0000000.jpg,17,0.708981454372406,0.11621080338954926,-0.00011384084791643545,453,55,1
0000000.jpg,18,0.7164418697357178,0.16900919377803802,-0.0036102936137467623,458,81,1
0000000.jpg,19,0.7193562984466553,0.1981315314769745,-0.00512462854385376,460,95,1
0000000.jpg,20,0.7213401198387146,0.22063757479190826,-0.007078865543007851,461,105,1
0000001.jpg,0,0.6755555868148804,0.01910824328660965,-5.445343049359508e-05,432,9,1
0000001.jpg,1,0.6374489068984985,0.050097525119781494,-0.008580226451158524,407,24,1
0000001.jpg,2,0.6207872033119202,0.09384177625179291,-0.015915658324956894,397,45,1
0000001.jpg,3,0.6159616112709045,0.1426273137331009,-0.015363507904112339,394,68,1
0000001.jpg,4,0.6106669306755066,0.1824738085269928,-0.014176363125443459,390,87,1
0000001.jpg,5,0.6507369875907898,0.12665005028247833,-0.04752814397215843,416,60,1
0000001.jpg,6,0.6474334001541138,0.19715616106987,-0.05179961398243904,414,94,1
0000001.jpg,7,0.6443361043930054,0.2352670133113861,-0.049447961151599884,412,112,1
0000001.jpg,8,0.6427232027053833,0.2634989321231842,-0.04651150852441788,411,126,1
0000001.jpg,9,0.6754607558250427,0.12832997739315033,-0.035417404025793076,432,61,1
0000001.jpg,10,0.6771188974380493,0.20233790576457977,-0.04351961240172386,433,97,1
0000001.jpg,11,0.6779281497001648,0.24437880516052246,-0.03912223502993584,433,117,1
0000001.jpg,12,0.6797398328781128,0.2753130793571472,-0.03527121618390083,435,132,1
0000001.jpg,13,0.6948643326759338,0.12360949069261551,-0.019942259415984154,444,59,1
0000001.jpg,14,0.6999329328536987,0.1899777203798294,-0.02405508980154991,447,91,1
0000001.jpg,15,0.7014805674552917,0.22949551045894623,-0.022908741608262062,448,110,1
0000001.jpg,16,0.7038998603820801,0.25847694277763367,-0.02222549170255661,450,124,1
0000001.jpg,17,0.7085685729980469,0.11425220966339111,-0.0018925046315416694,453,54,1
0000001.jpg,18,0.716313362121582,0.16711318492889404,-0.0054743364453315735,458,80,1
0000001.jpg,19,0.7190597653388977,0.1964229941368103,-0.006684938445687294,460,94,1
0000001.jpg,20,0.7209757566452026,0.21937574446201324,-0.008434535935521126,461,105,1
0000002.jpg,0,0.6756102442741394,0.018292225897312164,-4.7499863285338506e-05,432,8,1
0000002.jpg,1,0.6368464231491089,0.05028676986694336,-0.007954268716275692,407,24,1
0000002.jpg,2,0.6204633116722107,0.09364163875579834,-0.015061624348163605,397,44,1
0000002.jpg,3,0.6156150102615356,0.14187319576740265,-0.013834761455655098,393,68,1
0000002.jpg,4,0.610365629196167,0.18172326683998108,-0.011999447830021381,390,87,1
0000002.jpg,5,0.6508761048316956,0.12588664889335632,-0.0504753440618515,416,60,1
0000002.jpg,6,0.6477134227752686,0.19642826914787292,-0.05478304252028465,414,94,1
0000002.jpg,7,0.6444441676139832,0.23444893956184387,-0.0511537566781044,412,112,1
0000002.jpg,8,0.6421707272529602,0.26252123713493347,-0.04676961526274681,410,126,1
0000002.jpg,9,0.6758842468261719,0.12779194116592407,-0.03795730695128441,432,61,1
0000002.jpg,10,0.677470326423645,0.20167332887649536,-0.047294411808252335,433,96,1
0000002.jpg,11,0.6783086657524109,0.24365675449371338,-0.04245418310165405,434,116,1
0000002.jpg,12,0.6796616911888123,0.27506986260414124,-0.038052577525377274,434,132,1
0000002.jpg,13,0.6952794194221497,0.12349168211221695,-0.02141978032886982,444,59,1
0000002.jpg,14,0.7003841400146484,0.18983721733093262,-0.02663750760257244,448,91,1
0000002.jpg,15,0.7017525434494019,0.22926825284957886,-0.024683037772774696,449,110,1
0000002.jpg,16,0.7036360502243042,0.2578991651535034,-0.022841056808829308,450,123,1
0000002.jpg,17,0.7086724042892456,0.114798903465271,-0.002206068951636553,453,55,1
0000002.jpg,18,0.7166463732719421,0.16782456636428833,-0.0062904381193220615,458,80,1
0000002.jpg,19,0.7195199131965637,0.19743341207504272,-0.007575772702693939,460,94,1
0000002.jpg,20,0.7210473418235779,0.2206576019525528,-0.008872163482010365,461,105,1
0000003.jpg,0,0.6753522753715515,0.01690598577260971,-5.5703174439258873e-05,432,8,1
0000003.jpg,1,0.6371404528617859,0.049355633556842804,-0.00841218326240778,407,23,1
0000003.jpg,2,0.6203749179840088,0.0927935317158699,-0.015546128153800964,397,44,1
0000003.jpg,3,0.6156258583068848,0.1415821760892868,-0.014338807202875614,394,67,1
0000003.jpg,4,0.6105592250823975,0.1810930073261261,-0.012394565157592297,390,86,1
0000003.jpg,5,0.6511300802230835,0.12449640780687332,-0.050899896770715714,416,59,1
0000003.jpg,6,0.6480534076690674,0.19537648558616638,-0.05541802570223808,414,93,1
0000003.jpg,7,0.6450977325439453,0.23403550684452057,-0.05225086957216263,412,112,1
0000003.jpg,8,0.6433172821998596,0.2626616358757019,-0.04838145524263382,411,126,1
0000003.jpg,9,0.6761367321014404,0.1266176700592041,-0.03803963214159012,432,60,1
0000003.jpg,10,0.6778759360313416,0.20073086023330688,-0.04666189104318619,433,96,1
0000003.jpg,11,0.6787596940994263,0.24302321672439575,-0.04110255464911461,434,116,1
0000003.jpg,12,0.6802395582199097,0.27409827709198,-0.0362589992582798,435,131,1
0000003.jpg,13,0.6955271363258362,0.122533418238163,-0.021363642066717148,445,58,1
0000003.jpg,14,0.7009108066558838,0.18893557786941528,-0.026101790368556976,448,90,1
0000003.jpg,15,0.7023570537567139,0.22871741652488708,-0.02347409352660179,449,109,1
0000003.jpg,16,0.7043287754058838,0.2573976516723633,-0.021397296339273453,450,123,1
0000003.jpg,17,0.7088241577148438,0.1141197457909584,-0.0021530226804316044,453,54,1
0000003.jpg,18,0.7168707251548767,0.16712883114814758,-0.005763954482972622,458,80,1
0000003.jpg,19,0.7195990085601807,0.19663694500923157,-0.006617974489927292,460,94,1
0000003.jpg,20,0.7211124897003174,0.21955646574497223,-0.007885325700044632,461,105,1
0000004.jpg,0,0.6760669946670532,0.01706767827272415,-5.394592517404817e-05,432,8,1
0000004.jpg,1,0.6378844976425171,0.049677006900310516,-0.009798277169466019,408,23,1
0000004.jpg,2,0.6210424304008484,0.0932239294052124,-0.01804107241332531,397,44,1
0000004.jpg,3,0.6155846118927002,0.1423760950565338,-0.01774335652589798,393,68,1
0000004.jpg,4,0.6105571985244751,0.18269005417823792,-0.01702023111283779,390,87,1
0000004.jpg,5,0.6519161462783813,0.12336324155330658,-0.055378418415784836,417,59,1
0000004.jpg,6,0.6494863033294678,0.19485127925872803,-0.06078064441680908,415,93,1
0000004.jpg,7,0.6467665433883667,0.23379278182983398,-0.05741964280605316,413,112,1
0000004.jpg,8,0.6448504328727722,0.2627887725830078,-0.05323348566889763,412,126,1
0000004.jpg,9,0.676784873008728,0.12554235756397247,-0.04168754070997238,433,60,1
0000004.jpg,10,0.6786247491836548,0.20117032527923584,-0.05201893299818039,434,96,1
0000004.jpg,11,0.679200291633606,0.24373196065425873,-0.04682835191488266,434,116,1
0000004.jpg,12,0.6800166964530945,0.27505016326904297,-0.04160287231206894,435,132,1
0000004.jpg,13,0.695967972278595,0.12213693559169769,-0.02393173612654209,445,58,1
0000004.jpg,14,0.7014172077178955,0.190240740776062,-0.029915310442447662,448,91,1
0000004.jpg,15,0.7027298808097839,0.23022010922431946,-0.02772083505988121,449,110,1
0000004.jpg,16,0.7043697834014893,0.2589706778526306,-0.02547341026365757,450,124,1
0000004.jpg,17,0.7089988589286804,0.1149212121963501,-0.0036340460646897554,453,55,1
0000004.jpg,18,0.7168916463851929,0.1690545380115509,-0.008038547821342945,458,81,1
0000004.jpg,19,0.7196514010429382,0.1985986977815628,-0.009571526199579239,460,95,1
0000004.jpg,20,0.7211140990257263,0.22156508266925812,-0.011026840656995773,461,106,1
0000005.jpg,0,0.6776446104049683,0.017929278314113617,-5.391892045736313e-05,433,8,1
0000005.jpg,1,0.6393007636070251,0.048335544764995575,-0.011711066588759422,409,23,1
0000005.jpg,2,0.6218506097793579,0.09225460886955261,-0.020636774599552155,397,44,1
0000005.jpg,3,0.6160085201263428,0.14176204800605774,-0.020883163437247276,394,68,1
0000005.jpg,4,0.6103841066360474,0.18266350030899048,-0.02069488726556301,390,87,1
0000005.jpg,5,0.6533826589584351,0.12457040697336197,-0.054483551532030106,418,59,1
0000005.jpg,6,0.6505571603775024,0.19525441527366638,-0.05993369221687317,416,93,1
0000005.jpg,7,0.647657036781311,0.23439514636993408,-0.057358041405677795,414,112,1
0000005.jpg,8,0.6458747982978821,0.263827383518219,-0.053559862077236176,413,126,1
0000005.jpg,9,0.6781620383262634,0.1272360384464264,-0.03997434303164482,434,61,1
0000005.jpg,10,0.6797604560852051,0.20230549573898315,-0.04934141784906387,435,97,1
0000005.jpg,11,0.680193305015564,0.2446042001247406,-0.04445287957787514,435,117,1
0000005.jpg,12,0.6809985041618347,0.2756159007549286,-0.03956647217273712,435,132,1
0000005.jpg,13,0.6969921588897705,0.12417624890804291,-0.02174762822687626,446,59,1
0000005.jpg,14,0.7023374438285828,0.19165784120559692,-0.027074642479419708,449,91,1
0000005.jpg,15,0.7032562494277954,0.23123925924301147,-0.025107650086283684,450,110,1
0000005.jpg,16,0.7045597434043884,0.25953468680381775,-0.0231797955930233,450,124,1
0000005.jpg,17,0.7094548940658569,0.11713939160108566,-0.0013466074597090483,454,56,1
0000005.jpg,18,0.7169188261032104,0.17039796710014343,-0.004954060073941946,458,81,1
0000005.jpg,19,0.7190430760383606,0.1992376744747162,-0.005804831627756357,460,95,1
0000005.jpg,20,0.7198747396469116,0.22138208150863647,-0.006943096406757832,460,106,1
0000006.jpg,0,0.6770509481430054,0.018288150429725647,-5.736009916290641e-05,433,8,1
0000006.jpg,1,0.6394003033638,0.049643486738204956,-0.01183027308434248,409,23,1
0000006.jpg,2,0.622266411781311,0.09393708407878876,-0.02109592780470848,398,45,1
0000006.jpg,3,0.616655707359314,0.14371515810489655,-0.021506184712052345,394,68,1
0000006.jpg,4,0.6106676459312439,0.18419109284877777,-0.021938802674412727,390,88,1
0000006.jpg,5,0.6531884074211121,0.12393306195735931,-0.057701434940099716,418,59,1
0000006.jpg,6,0.6506819128990173,0.19553400576114655,-0.06405435502529144,416,93,1
0000006.jpg,7,0.6482048630714417,0.23499099910259247,-0.06127437576651573,414,112,1
0000006.jpg,8,0.6467137336730957,0.2644959092140198,-0.057071562856435776,413,126,1
0000006.jpg,9,0.678033173084259,0.12651176750659943,-0.04347454756498337,433,60,1
0000006.jpg,10,0.6798753142356873,0.20253890752792358,-0.054202016443014145,435,97,1
0000006.jpg,11,0.6807879209518433,0.24521300196647644,-0.049326471984386444,435,117,1
0000006.jpg,12,0.6819179058074951,0.2766270637512207,-0.04406239837408066,436,132,1
0000006.jpg,13,0.6967666745185852,0.1238599345088005,-0.025256343185901642,445,59,1
0000006.jpg,14,0.702042281627655,0.19247335195541382,-0.0313844159245491,449,92,1
0000006.jpg,15,0.7030055522918701,0.23232528567314148,-0.029337195679545403,449,111,1
0000006.jpg,16,0.7043514847755432,0.26073965430259705,-0.026954537257552147,450,125,1
0000006.jpg,17,0.7089369893074036,0.11764012277126312,-0.0048230839893221855,453,56,1
0000006.jpg,18,0.7161750793457031,0.1724606156349182,-0.00870655756443739,458,82,1
0000006.jpg,19,0.7183334231376648,0.20185333490371704,-0.009438414126634598,459,96,1
0000006.jpg,20,0.7193065285682678,0.22455303370952606,-0.010600634850561619,460,107,1
0000007.jpg,0,0.6768456101417542,0.021624289453029633,-5.8834451920120046e-05,433,10,1
0000007.jpg,1,0.6384615898132324,0.0518341064453125,-0.013154505752027035,408,24,1
0000007.jpg,2,0.6211932301521301,0.09728026390075684,-0.022433120757341385,397,46,1
0000007.jpg,3,0.6159290671348572,0.14735880494117737,-0.02277527190744877,394,70,1
0000007.jpg,4,0.6098737716674805,0.1881033182144165,-0.02215469814836979,390,90,1
0000007.jpg,5,0.6535175442695618,0.12852773070335388,-0.055934708565473557,418,61,1
0000007.jpg,6,0.6517910957336426,0.19945058226585388,-0.06100894510746002,417,95,1
0000007.jpg,7,0.6493441462516785,0.2385900616645813,-0.05795839801430702,415,114,1
0000007.jpg,8,0.6477375626564026,0.2678144574165344,-0.05372266098856926,414,128,1
0000007.jpg,9,0.6781446933746338,0.1303309202194214,-0.040818434208631516,434,62,1
0000007.jpg,10,0.6811880469322205,0.20563502609729767,-0.05047256499528885,435,98,1
0000007.jpg,11,0.6825180649757385,0.24831417202949524,-0.04614303261041641,436,119,1
0000007.jpg,12,0.6839118599891663,0.2795860171318054,-0.041923295706510544,437,134,1
0000007.jpg,13,0.6964797973632812,0.12668049335479736,-0.02165352925658226,445,60,1
0000007.jpg,14,0.7029888033866882,0.19452118873596191,-0.026971271261572838,449,93,1
0000007.jpg,15,0.7045114636421204,0.23500724136829376,-0.025363506749272346,450,112,1
0000007.jpg,16,0.7059991359710693,0.26378005743026733,-0.023930910974740982,451,126,1
0000007.jpg,17,0.7085135579109192,0.11969537287950516,-0.00042586709605529904,453,57,1
0000007.jpg,18,0.7156583070755005,0.17369064688682556,-0.0033595990389585495,458,83,1
0000007.jpg,19,0.717602550983429,0.2030879259109497,-0.003267857013270259,459,97,1
0000007.jpg,20,0.7185224294662476,0.22546786069869995,-0.00446059787645936,459,108,1
0000008.jpg,0,0.6761137247085571,0.025760874152183533,-5.805815089843236e-05,432,12,1
0000008.jpg,1,0.6383933424949646,0.0568370446562767,-0.012287219054996967,408,27,1
0000008.jpg,2,0.6214088201522827,0.1017025038599968,-0.020978644490242004,397,48,1
0000008.jpg,3,0.6159852743148804,0.15144900977611542,-0.020954711362719536,394,72,1
0000008.jpg,4,0.6095184087753296,0.1920376867055893,-0.019870592281222343,390,92,1
0000008.jpg,5,0.6538646817207336,0.13089272379875183,-0.05648434907197952,418,62,1
0000008.jpg,6,0.6525078415870667,0.20159971714019775,-0.06249089911580086,417,96,1
0000008.jpg,7,0.6500767469406128,0.24110180139541626,-0.060222554951906204,416,115,1
0000008.jpg,8,0.6481413841247559,0.27097374200820923,-0.056494757533073425,414,130,1
0000008.jpg,9,0.6787492036819458,0.1332092583179474,-0.041409991681575775,434,63,1
0000008.jpg,10,0.6823832988739014,0.20830966532230377,-0.05200058966875076,436,99,1
0000008.jpg,11,0.6834408640861511,0.251078724861145,-0.047524914145469666,437,120,1
0000008.jpg,12,0.6841856241226196,0.2824782729148865,-0.042918987572193146,437,135,1
0000008.jpg,13,0.69700026512146,0.1304505467414856,-0.022363891825079918,446,62,1
0000008.jpg,14,0.7036857008934021,0.19877710938453674,-0.02785104513168335,450,95,1
0000008.jpg,15,0.7044983506202698,0.23917967081069946,-0.02584802731871605,450,114,1
0000008.jpg,16,0.7049393653869629,0.2677561342716217,-0.0235900841653347,451,128,1
0000008.jpg,17,0.7086180448532104,0.12464356422424316,-0.0009505858761258423,453,59,1
0000008.jpg,18,0.7156282663345337,0.17927110195159912,-0.0031296787783503532,458,86,1
0000008.jpg,19,0.7169365882873535,0.20854219794273376,-0.0018278900533914566,458,100,1
0000008.jpg,20,0.7169802188873291,0.23097223043441772,-0.002340921899303794,458,110,1
0000009.jpg,0,0.6760343313217163,0.029429689049720764,-5.093128129374236e-05,432,14,1
0000009.jpg,1,0.6386873126029968,0.06005837768316269,-0.015163741074502468,408,28,1
0000009.jpg,2,0.6218843460083008,0.10559432953596115,-0.025276562198996544,398,50,1
0000009.jpg,3,0.6154066920280457,0.15520702302455902,-0.026049012318253517,393,74,1
0000009.jpg,4,0.6081150770187378,0.19482572376728058,-0.025262800976634026,389,93,1
0000009.jpg,5,0.6552611589431763,0.13403163850307465,-0.06060114502906799,419,64,1
0000009.jpg,6,0.6553073525428772,0.2038278877735138,-0.0671880692243576,419,97,1
0000009.jpg,7,0.653357207775116,0.24325253069400787,-0.06527876853942871,418,116,1
0000009.jpg,8,0.651512622833252,0.2733439803123474,-0.062151890248060226,416,131,1
0000009.jpg,9,0.6799718737602234,0.1356521099805832,-0.04492028430104256,435,65,1
0000009.jpg,10,0.6842371821403503,0.21124759316444397,-0.05620190501213074,437,101,1
0000009.jpg,11,0.6853727102279663,0.2534615695476532,-0.05231865867972374,438,121,1
0000009.jpg,12,0.6859291195869446,0.28411155939102173,-0.048472147434949875,438,136,1
0000009.jpg,13,0.6978128552436829,0.13259311020374298,-0.025562500581145287,446,63,1
0000009.jpg,14,0.705367922782898,0.20164376497268677,-0.0326530747115612,451,96,1
0000009.jpg,15,0.7071548700332642,0.24274852871894836,-0.03156299889087677,452,116,1
0000009.jpg,16,0.7079507112503052,0.2724107801914215,-0.03009684756398201,453,130,1
0000009.jpg,17,0.7085398435592651,0.12638582289218903,-0.003921478055417538,453,60,1
0000009.jpg,18,0.7163218259811401,0.17979049682617188,-0.006309280171990395,458,86,1
0000009.jpg,19,0.717879056930542,0.20855464041233063,-0.004545841831713915,459,100,1
0000009.jpg,20,0.7181256413459778,0.23041215538978577,-0.0048482371494174,459,110,1
0000010.jpg,0,0.6758070588111877,0.03536554425954819,-4.628622264135629e-05,432,16,1
0000010.jpg,1,0.6388056874275208,0.06732141226530075,-0.016743866726756096,408,32,1
0000010.jpg,2,0.6218525767326355,0.11199836432933807,-0.02859833464026451,397,53,1
0000010.jpg,3,0.6154724359512329,0.1612500697374344,-0.030827421694993973,393,77,1
0000010.jpg,4,0.6083763241767883,0.20157334208488464,-0.03148739039897919,389,96,1
0000010.jpg,5,0.6559004783630371,0.13665369153022766,-0.06563600152730942,419,65,1
0000010.jpg,6,0.6566590666770935,0.20691660046577454,-0.07262472063302994,420,99,1
0000010.jpg,7,0.6547320485115051,0.24695470929145813,-0.07078930735588074,419,118,1
0000010.jpg,8,0.6525328755378723,0.27728015184402466,-0.06775693595409393,417,133,1
0000010.jpg,9,0.6807299852371216,0.13798992335796356,-0.04915092885494232,435,66,1
0000010.jpg,10,0.6857680082321167,0.21453455090522766,-0.06081131845712662,438,102,1
0000010.jpg,11,0.6871289610862732,0.2575244903564453,-0.0567016527056694,439,123,1
0000010.jpg,12,0.6875818371772766,0.28881487250328064,-0.05280688777565956,440,138,1
0000010.jpg,13,0.6985419988632202,0.1359422653913498,-0.028822224587202072,447,65,1
0000010.jpg,14,0.7063034176826477,0.2055005133152008,-0.03558652848005295,452,98,1
0000010.jpg,15,0.7078128457069397,0.24683260917663574,-0.0343991257250309,453,118,1
0000010.jpg,16,0.7081427574157715,0.2765061855316162,-0.03298722207546234,453,132,1
0000010.jpg,17,0.7092724442481995,0.13152556121349335,-0.006159077864140272,453,63,1
0000010.jpg,18,0.7174516320228577,0.18575213849544525,-0.008997112512588501,459,89,1
0000010.jpg,19,0.7186636328697205,0.21469983458518982,-0.008125226013362408,459,103,1
0000010.jpg,20,0.7184855937957764,0.23683637380599976,-0.009465615265071392,459,113,1
0000011.jpg,0,0.6758877635002136,0.045299232006073,-3.815033414866775e-05,432,21,1
0000011.jpg,1,0.6392077207565308,0.07915207743644714,-0.014036810956895351,409,37,1
0000011.jpg,2,0.6224530339241028,0.121303029358387,-0.025971082970499992,398,58,1
0000011.jpg,3,0.615913450717926,0.16822549700737,-0.028672585263848305,394,80,1
0000011.jpg,4,0.6089301705360413,0.20828504860401154,-0.030604824423789978,389,99,1
0000011.jpg,5,0.6567715406417847,0.1415708214044571,-0.06870830059051514,420,67,1
0000011.jpg,6,0.6575250029563904,0.21200791001319885,-0.07948579639196396,420,101,1
0000011.jpg,7,0.655677318572998,0.2527592182159424,-0.07993461936712265,419,121,1
0000011.jpg,8,0.6535660624504089,0.2840486764907837,-0.07771062105894089,418,136,1
0000011.jpg,9,0.6819062232971191,0.14347122609615326,-0.05257929489016533,436,68,1
0000011.jpg,10,0.6864833831787109,0.2198214828968048,-0.0667140930891037,439,105,1
0000011.jpg,11,0.6882268786430359,0.2627589702606201,-0.06345313787460327,440,126,1
0000011.jpg,12,0.6888670325279236,0.29483842849731445,-0.059340864419937134,440,141,1
0000011.jpg,13,0.6999273300170898,0.14332124590873718,-0.03196629509329796,447,68,1
0000011.jpg,14,0.706070601940155,0.2120686173439026,-0.040060147643089294,451,101,1
0000011.jpg,15,0.7073224186897278,0.2535044550895691,-0.038588400930166245,452,121,1
0000011.jpg,16,0.7071431875228882,0.28330475091934204,-0.036610350012779236,452,135,1
0000011.jpg,17,0.7113344669342041,0.14171941578388214,-0.008752336725592613,455,68,1
0000011.jpg,18,0.7184044122695923,0.19540537893772125,-0.012345267459750175,459,93,1
0000011.jpg,19,0.7200384736061096,0.22408951818943024,-0.011820860207080841,460,107,1
0000011.jpg,20,0.71993088722229,0.24652829766273499,-0.013338840566575527,460,118,1
0000012.jpg,0,0.6776004433631897,0.05229659378528595,-2.8090105843148194e-05,433,25,1
0000012.jpg,1,0.6400166153907776,0.08385965973138809,-0.016925064846873283,409,40,1
0000012.jpg,2,0.6227555871009827,0.12918254733085632,-0.031712956726551056,398,62,1
0000012.jpg,3,0.6155749559402466,0.17649279534816742,-0.03621063381433487,393,84,1
0000012.jpg,4,0.6081900596618652,0.21510711312294006,-0.0397079773247242,389,103,1
0000012.jpg,5,0.6572371125221252,0.14817368984222412,-0.07734865695238113,420,71,1
0000012.jpg,6,0.6596056818962097,0.21857665479183197,-0.08920719474554062,422,104,1
0000012.jpg,7,0.6584973931312561,0.25939691066741943,-0.0896897166967392,421,124,1
0000012.jpg,8,0.6567167043685913,0.29075324535369873,-0.08658076077699661,420,139,1
0000012.jpg,9,0.6833666563034058,0.1485319882631302,-0.061076849699020386,437,71,1
0000012.jpg,10,0.689400851726532,0.22533556818962097,-0.07843798398971558,441,108,1
0000012.jpg,11,0.6919999122619629,0.2700604796409607,-0.07661323994398117,442,129,1
0000012.jpg,12,0.693185567855835,0.3024663031101227,-0.07331542670726776,443,145,1
0000012.jpg,13,0.7023043632507324,0.14660924673080444,-0.04003535956144333,449,70,1
0000012.jpg,14,0.7100327014923096,0.2156425267457962,-0.050016216933727264,454,103,1
0000012.jpg,15,0.7122136950492859,0.258892297744751,-0.04882952198386192,455,124,1
0000012.jpg,16,0.7130369544029236,0.2896884083747864,-0.047555793076753616,456,139,1
0000012.jpg,17,0.7143096327781677,0.143396258354187,-0.016175752505660057,457,68,1
0000012.jpg,18,0.7221921682357788,0.19775329530239105,-0.02022230066359043,462,94,1
0000012.jpg,19,0.7246503233909607,0.22734364867210388,-0.01922502927482128,463,109,1
0000012.jpg,20,0.7261515259742737,0.25039589405059814,-0.020702704787254333,464,120,1
0000013.jpg,0,0.6765576601028442,0.0624406561255455,-3.532312985043973e-05,432,29,1
0000013.jpg,1,0.6400117874145508,0.0955100953578949,-0.015729466453194618,409,45,1
0000013.jpg,2,0.6228272318840027,0.13957256078720093,-0.031250450760126114,398,66,1
0000013.jpg,3,0.6159499883651733,0.18599262833595276,-0.03713211044669151,394,89,1
0000013.jpg,4,0.6094192862510681,0.2240580916404724,-0.04198993742465973,390,107,1
0000013.jpg,5,0.657941997051239,0.15647107362747192,-0.07901348918676376,421,75,1
0000013.jpg,6,0.660730242729187,0.22679492831230164,-0.09125293046236038,422,108,1
0000013.jpg,7,0.6599216461181641,0.2676564157009125,-0.09079843759536743,422,128,1
0000013.jpg,8,0.6579375267028809,0.2989695966243744,-0.08708786964416504,421,143,1
0000013.jpg,9,0.684738039970398,0.15649381279945374,-0.06398993730545044,438,75,1
0000013.jpg,10,0.690703809261322,0.2332247495651245,-0.0820387527346611,442,111,1
0000013.jpg,11,0.693091630935669,0.27798062562942505,-0.08009834587574005,443,133,1
0000013.jpg,12,0.6937916278839111,0.3103097081184387,-0.07681348919868469,444,148,1
0000013.jpg,13,0.7043062448501587,0.15499040484428406,-0.0436912402510643,450,74,1
0000013.jpg,14,0.7117763161659241,0.2242945432662964,-0.054871927946805954,455,107,1
0000013.jpg,15,0.7134964466094971,0.2675815522670746,-0.05341554433107376,456,128,1
0000013.jpg,16,0.713431179523468,0.2984775900840759,-0.05206888169050217,456,143,1
0000013.jpg,17,0.7169838547706604,0.15262387692928314,-0.020321281626820564,458,73,1
0000013.jpg,18,0.7240516543388367,0.2082182765007019,-0.025166591629385948,463,99,1
0000013.jpg,19,0.7258429527282715,0.23826217651367188,-0.023870619013905525,464,114,1
0000013.jpg,20,0.7263970971107483,0.2618846595287323,-0.0254730973392725,464,125,1
0000014.jpg,0,0.6779826879501343,0.07128085941076279,-4.541749876807444e-05,433,34,1
0000014.jpg,1,0.641259491443634,0.10233999788761139,-0.01559755764901638,410,49,1
0000014.jpg,2,0.6243059039115906,0.14786142110824585,-0.03184649348258972,399,70,1
0000014.jpg,3,0.6170331835746765,0.1953299343585968,-0.03850242495536804,394,93,1
0000014.jpg,4,0.6104425191879272,0.23382297158241272,-0.04479948803782463,390,112,1
0000014.jpg,5,0.6593650579452515,0.16461294889450073,-0.08231367915868759,421,79,1
0000014.jpg,6,0.6632221937179565,0.23533299565315247,-0.09461098164319992,424,112,1
0000014.jpg,7,0.6625532507896423,0.27640432119369507,-0.09330397099256516,424,132,1
0000014.jpg,8,0.6608825325965881,0.30722978711128235,-0.08829997479915619,422,147,1
0000014.jpg,9,0.6864884495735168,0.16468015313148499,-0.0675574392080307,439,79,1
0000014.jpg,10,0.6937311291694641,0.24219052493572235,-0.08504848927259445,443,116,1
0000014.jpg,11,0.6962621808052063,0.2880457043647766,-0.0818815752863884,445,138,1
0000014.jpg,12,0.6969358921051025,0.320437490940094,-0.07755382359027863,446,153,1
0000014.jpg,13,0.7063387632369995,0.16299720108509064,-0.047154590487480164,452,78,1
0000014.jpg,14,0.7154130935668945,0.23269140720367432,-0.058204349130392075,457,111,1
0000014.jpg,15,0.7176682353019714,0.2767540216445923,-0.05658244341611862,459,132,1
0000014.jpg,16,0.7181003093719482,0.30756673216819763,-0.055009592324495316,459,147,1
0000014.jpg,17,0.7189180850982666,0.15991924703121185,-0.023770106956362724,460,76,1
0000014.jpg,18,0.727263331413269,0.21608588099479675,-0.028464166447520256,465,103,1
0000014.jpg,19,0.7293979525566101,0.24672113358974457,-0.02725357376039028,466,118,1
0000014.jpg,20,0.7305811643600464,0.27052968740463257,-0.02838190272450447,467,129,1
0000015.jpg,0,0.6775820851325989,0.08028469979763031,-4.5423908886732534e-05,433,38,1
0000015.jpg,1,0.6410496234893799,0.11367619037628174,-0.017077453434467316,410,54,1
0000015.jpg,2,0.6244723796844482,0.1597478985786438,-0.034978583455085754,399,76,1
0000015.jpg,3,0.6178244948387146,0.2069847285747528,-0.04316828027367592,395,99,1
0000015.jpg,4,0.612035870552063,0.2454298734664917,-0.050827089697122574,391,117,1
0000015.jpg,5,0.6600976586341858,0.1738356649875641,-0.08588182926177979,422,83,1
0000015.jpg,6,0.664979100227356,0.24447980523109436,-0.10038550943136215,425,117,1
0000015.jpg,7,0.6645455360412598,0.28586769104003906,-0.1009075939655304,425,137,1
0000015.jpg,8,0.6625463962554932,0.3172438442707062,-0.09703443944454193,424,152,1
0000015.jpg,9,0.6876461505889893,0.17265799641609192,-0.07107310742139816,440,82,1
0000015.jpg,10,0.6965572834014893,0.24986258149147034,-0.0911494642496109,445,119,1
0000015.jpg,11,0.6997724771499634,0.29708999395370483,-0.09029879420995712,447,142,1
0000015.jpg,12,0.700655460357666,0.33054500818252563,-0.08766859769821167,448,158,1
0000015.jpg,13,0.7077054977416992,0.1698095053434372,-0.05051079019904137,452,81,1
0000015.jpg,14,0.7188048958778381,0.2394256889820099,-0.06360229104757309,460,114,1
0000015.jpg,15,0.7218539714813232,0.28437289595603943,-0.06390078365802765,461,136,1
0000015.jpg,16,0.7228414416313171,0.31610727310180664,-0.06345421075820923,462,151,1
0000015.jpg,17,0.7201494574546814,0.16602537035942078,-0.026931611821055412,460,79,1
0000015.jpg,18,0.7295706272125244,0.2220623940229416,-0.0319872722029686,466,106,1
0000015.jpg,19,0.7315372228622437,0.25298595428466797,-0.03021581657230854,468,121,1
0000015.jpg,20,0.7324398159980774,0.27701228857040405,-0.03072211891412735,468,132,1
0000016.jpg,0,0.678533136844635,0.0896235778927803,-5.1033395720878616e-05,434,43,1
0000016.jpg,1,0.6415709257125854,0.12316486984491348,-0.01732044853270054,410,59,1
0000016.jpg,2,0.6250486373901367,0.1707793027162552,-0.03476182743906975,400,81,1
0000016.jpg,3,0.6187133193016052,0.21844682097434998,-0.04233261197805405,395,104,1
0000016.jpg,4,0.6127336025238037,0.25621557235717773,-0.0492759570479393,392,122,1
0000016.jpg,5,0.6614111065864563,0.18344150483608246,-0.08625448495149612,423,88,1
0000016.jpg,6,0.6676017642021179,0.253985732793808,-0.10038649290800095,427,121,1
0000016.jpg,7,0.6678584814071655,0.2958014905452728,-0.1009727343916893,427,141,1
0000016.jpg,8,0.6662821769714355,0.32751673460006714,-0.09729105979204178,426,157,1
0000016.jpg,9,0.6893848180770874,0.18183967471122742,-0.07095376402139664,441,87,1
0000016.jpg,10,0.700165331363678,0.2590502202510834,-0.08979135751724243,448,124,1
0000016.jpg,11,0.7037835717201233,0.30643928050994873,-0.08813272416591644,450,147,1
0000016.jpg,12,0.7043052315711975,0.3387811481952667,-0.08476302027702332,450,162,1
0000016.jpg,13,0.7097387313842773,0.17841759324073792,-0.05008549243211746,454,85,1
0000016.jpg,14,0.7224200367927551,0.24813179671764374,-0.06218767911195755,462,119,1
0000016.jpg,15,0.726448655128479,0.292917937040329,-0.0616319477558136,464,140,1
0000016.jpg,16,0.7277695536613464,0.3238127827644348,-0.060820017009973526,465,155,1
0000016.jpg,17,0.7219808101654053,0.1743708997964859,-0.026366902515292168,462,83,1
0000016.jpg,18,0.731957197189331,0.23029091954231262,-0.029681015759706497,468,110,1
0000016.jpg,19,0.7335330247879028,0.2605877220630646,-0.025974269956350327,469,125,1
0000016.jpg,20,0.7340690493583679,0.2832178771495819,-0.0247954148799181,469,135,1
0000017.jpg,0,0.6785893440246582,0.10100599378347397,-5.256119402474724e-05,434,48,1
0000017.jpg,1,0.6422879695892334,0.13568508625030518,-0.01691807433962822,411,65,1
0000017.jpg,2,0.6259252429008484,0.1823793202638626,-0.03459940850734711,400,87,1
0000017.jpg,3,0.6201309561729431,0.22931143641471863,-0.04261820763349533,396,110,1
0000017.jpg,4,0.6144782304763794,0.26784318685531616,-0.050230473279953,393,128,1
0000017.jpg,5,0.6636782884597778,0.19578693807125092,-0.08508777618408203,424,93,1
0000017.jpg,6,0.6697924137115479,0.2658214867115021,-0.0994192585349083,428,127,1
0000017.jpg,7,0.6702988743782043,0.30782002210617065,-0.10069651901721954,428,147,1
0000017.jpg,8,0.6687184572219849,0.339631050825119,-0.0973062664270401,427,163,1
0000017.jpg,9,0.6915627717971802,0.19420945644378662,-0.06954225152730942,442,93,1
0000017.jpg,10,0.7029018998146057,0.2697160840034485,-0.08778165280818939,449,129,1
0000017.jpg,11,0.7070581912994385,0.31625896692276,-0.086116723716259,452,151,1
0000017.jpg,12,0.7078741192817688,0.3483229875564575,-0.08304562419652939,453,167,1
0000017.jpg,13,0.7114287614822388,0.19107720255851746,-0.04841022938489914,455,91,1
0000017.jpg,14,0.724219560623169,0.25943779945373535,-0.059631116688251495,463,124,1
0000017.jpg,15,0.7284290790557861,0.30349060893058777,-0.05929560959339142,466,145,1
0000017.jpg,16,0.7297670841217041,0.3342970013618469,-0.0590878427028656,467,160,1
0000017.jpg,17,0.7231929302215576,0.18735235929489136,-0.024660715833306313,462,89,1
0000017.jpg,18,0.7325588464736938,0.24200694262981415,-0.02678682841360569,468,116,1
0000017.jpg,19,0.7333769798278809,0.27180665731430054,-0.022600626572966576,469,130,1
0000017.jpg,20,0.7332603931427002,0.29405125975608826,-0.021424300968647003,469,141,1
0000018.jpg,0,0.6796747446060181,0.11165276169776917,-5.245272404863499e-05,434,53,1
0000018.jpg,1,0.6427543759346008,0.14911936223506927,-0.017164189368486404,411,71,1
0000018.jpg,2,0.6267972588539124,0.19629882276058197,-0.0351504422724247,401,94,1
0000018.jpg,3,0.6208817362785339,0.24199721217155457,-0.04377461224794388,397,116,1
0000018.jpg,4,0.614844024181366,0.28091758489608765,-0.052414946258068085,393,134,1
0000018.jpg,5,0.6637389659881592,0.21060191094875336,-0.08621955662965775,424,101,1
0000018.jpg,6,0.6708061099052429,0.2799539268016815,-0.10109972953796387,429,134,1
0000018.jpg,7,0.6717208623886108,0.3224272131919861,-0.10241847485303879,429,154,1
0000018.jpg,8,0.6700917482376099,0.35457125306129456,-0.09848614782094955,428,170,1
0000018.jpg,9,0.6919609904289246,0.20695000886917114,-0.07090605050325394,442,99,1
0000018.jpg,10,0.7055038213729858,0.2812422811985016,-0.09050531685352325,451,134,1
0000018.jpg,11,0.7100299596786499,0.3283926844596863,-0.09040545672178268,454,157,1
0000018.jpg,12,0.7108197808265686,0.3604464530944824,-0.08829297125339508,454,173,1
0000018.jpg,13,0.7121129631996155,0.20193134248256683,-0.05000322684645653,455,96,1
0000018.jpg,14,0.726823627948761,0.26829811930656433,-0.06217559427022934,465,128,1
0000018.jpg,15,0.7317463755607605,0.31346726417541504,-0.06328134983778,468,150,1
0000018.jpg,16,0.7331804037094116,0.34517258405685425,-0.06460781395435333,469,165,1
0000018.jpg,17,0.7240633964538574,0.1964745819568634,-0.026120562106370926,463,94,1
0000018.jpg,18,0.7338788509368896,0.24883949756622314,-0.02763446979224682,469,119,1
0000018.jpg,19,0.7346593141555786,0.27890250086784363,-0.023587573319673538,470,133,1
0000018.jpg,20,0.7338299751281738,0.30082806944847107,-0.022321391850709915,469,144,1
0000019.jpg,0,0.6797640919685364,0.12363188713788986,-4.41730153397657e-05,435,59,1
0000019.jpg,1,0.6433393955230713,0.16007739305496216,-0.018338201567530632,411,76,1
0000019.jpg,2,0.6265430450439453,0.20762893557548523,-0.0364508293569088,400,99,1
0000019.jpg,3,0.6211190819740295,0.25479283928871155,-0.04478546231985092,397,122,1
0000019.jpg,4,0.6162747144699097,0.29336997866630554,-0.052327558398246765,394,140,1
0000019.jpg,5,0.6645324230194092,0.22135873138904572,-0.08734209090471268,425,106,1
0000019.jpg,6,0.672387421131134,0.2911751866340637,-0.10283683985471725,430,139,1
0000019.jpg,7,0.6737470030784607,0.3339610695838928,-0.10542231053113937,431,160,1
0000019.jpg,8,0.6723429560661316,0.3668805956840515,-0.10341823101043701,430,176,1
0000019.jpg,9,0.6934196949005127,0.21850714087486267,-0.07223204523324966,443,104,1
0000019.jpg,10,0.7063502073287964,0.29417797923088074,-0.0924270749092102,452,141,1
0000019.jpg,11,0.7107901573181152,0.34228265285491943,-0.09303618967533112,454,164,1
0000019.jpg,12,0.7114696502685547,0.3758540153503418,-0.09221804887056351,455,180,1
0000019.jpg,13,0.7142508029937744,0.21414966881275177,-0.05145443603396416,457,102,1
0000019.jpg,14,0.7279011011123657,0.2830115556716919,-0.06435497850179672,465,135,1
0000019.jpg,15,0.731821596622467,0.3287253975868225,-0.06608904153108597,468,157,1
0000019.jpg,16,0.7326610088348389,0.36114367842674255,-0.06816572695970535,468,173,1
0000019.jpg,17,0.7268626689910889,0.2095061093568802,-0.02826233021914959,465,100,1
0000019.jpg,18,0.7367520928382874,0.26493170857429504,-0.032147254794836044,471,127,1
0000019.jpg,19,0.7373647093772888,0.2957301735877991,-0.029610557481646538,471,141,1
0000019.jpg,20,0.736798882484436,0.3194179832935333,-0.030154244974255562,471,153,1
0000020.jpg,0,0.6809830069541931,0.1359778493642807,-4.986401108908467e-05,435,65,1
0000020.jpg,1,0.644520103931427,0.17268751561641693,-0.017756663262844086,412,82,1
0000020.jpg,2,0.6285135746002197,0.22121049463748932,-0.036253854632377625,402,106,1
0000020.jpg,3,0.6227045059204102,0.26874417066574097,-0.04487118124961853,398,128,1
0000020.jpg,4,0.6170657873153687,0.30834677815437317,-0.05325860157608986,394,148,1
0000020.jpg,5,0.6664311289787292,0.23333141207695007,-0.08882692456245422,426,111,1
0000020.jpg,6,0.674278736114502,0.3042008578777313,-0.10425549000501633,431,146,1
0000020.jpg,7,0.6762130856513977,0.34793922305107117,-0.10646765679121017,432,167,1
0000020.jpg,8,0.6756095886230469,0.38150888681411743,-0.1040600836277008,432,183,1
0000020.jpg,9,0.6951188445091248,0.23076263070106506,-0.07303843647241592,444,110,1
0000020.jpg,10,0.708091676235199,0.3068441152572632,-0.09176360070705414,453,147,1
0000020.jpg,11,0.7128536701202393,0.3548241853713989,-0.09045688062906265,456,170,1
0000020.jpg,12,0.7137721180915833,0.3882216513156891,-0.08835814893245697,456,186,1
0000020.jpg,13,0.7154985070228577,0.22710135579109192,-0.051446784287691116,457,109,1
0000020.jpg,14,0.7293006777763367,0.2960190773010254,-0.06281930208206177,466,142,1
0000020.jpg,15,0.7339086532592773,0.3411343991756439,-0.06255457550287247,469,163,1
0000020.jpg,16,0.7352409362792969,0.37307512760162354,-0.06316027790307999,470,179,1
0000020.jpg,17,0.7275118827819824,0.22314445674419403,-0.027211058884859085,465,107,1
0000020.jpg,18,0.7371104955673218,0.2784997224807739,-0.028938692063093185,471,133,1
0000020.jpg,19,0.7379727363586426,0.3091328740119934,-0.024439295753836632,472,148,1
0000020.jpg,20,0.7375240921974182,0.3322374224662781,-0.023277001455426216,472,159,1
0000021.jpg,0,0.6813083291053772,0.1487572193145752,-4.886160240857862e-05,436,71,1
0000021.jpg,1,0.644635796546936,0.18778124451637268,-0.015205889008939266,412,90,1
0000021.jpg,2,0.6291280388832092,0.23591667413711548,-0.031219374388456345,402,113,1
0000021.jpg,3,0.6234965920448303,0.2822139263153076,-0.03793365880846977,399,135,1
0000021.jpg,4,0.6184210181236267,0.3218541145324707,-0.044304631650447845,395,154,1
0000021.jpg,5,0.6678953170776367,0.25019800662994385,-0.08037661015987396,427,120,1
0000021.jpg,6,0.6757590174674988,0.319391131401062,-0.09509141743183136,432,153,1
0000021.jpg,7,0.6776894927024841,0.3634665608406067,-0.09962035715579987,433,174,1
0000021.jpg,8,0.6771897077560425,0.39722368121147156,-0.09898797422647476,433,190,1
0000021.jpg,9,0.6959168910980225,0.24624256789684296,-0.06491684168577194,445,118,1
0000021.jpg,10,0.7103679180145264,0.3198484778404236,-0.08213149756193161,454,153,1
0000021.jpg,11,0.7151184678077698,0.3672531247138977,-0.08163713663816452,457,176,1
0000021.jpg,12,0.7157908082008362,0.3995968699455261,-0.07976088672876358,458,191,1
0000021.jpg,13,0.7156757712364197,0.24074064195156097,-0.04382142052054405,458,115,1
0000021.jpg,14,0.7311490178108215,0.30726927518844604,-0.05360925942659378,467,147,1
0000021.jpg,15,0.7357789874076843,0.35139521956443787,-0.05301646143198013,470,168,1
0000021.jpg,16,0.7368658781051636,0.3817535638809204,-0.05273940786719322,471,183,1
0000021.jpg,17,0.7273321151733398,0.23471367359161377,-0.020091267302632332,465,112,1
0000021.jpg,18,0.7378072142601013,0.28695055842399597,-0.02015109173953533,472,137,1
0000021.jpg,19,0.7383706569671631,0.31630679965019226,-0.014390095137059689,472,151,1
0000021.jpg,20,0.7373702526092529,0.33713650703430176,-0.01160450093448162,471,161,1
0000022.jpg,0,0.6813967227935791,0.16218790411949158,-4.652535426430404e-05,436,77,1
0000022.jpg,1,0.6454039812088013,0.1995217651128769,-0.013532220385968685,413,95,1
0000022.jpg,2,0.6300849318504333,0.24772778153419495,-0.028241170570254326,403,118,1
0000022.jpg,3,0.624491274356842,0.29510635137557983,-0.034275587648153305,399,141,1
0000022.jpg,4,0.6193117499351501,0.33458685874938965,-0.03948633000254631,396,160,1
0000022.jpg,5,0.6687273383140564,0.2655494511127472,-0.07316586375236511,427,127,1
0000022.jpg,6,0.6766570806503296,0.3341190218925476,-0.08356010168790817,433,160,1
0000022.jpg,7,0.6785495281219482,0.37659358978271484,-0.08442364633083344,434,180,1
0000022.jpg,8,0.6778857111930847,0.4089536666870117,-0.08194189518690109,433,196,1
0000022.jpg,9,0.6967930793762207,0.26217105984687805,-0.0584605410695076,445,125,1
0000022.jpg,10,0.7107452154159546,0.33614036440849304,-0.07176908105611801,454,161,1
0000022.jpg,11,0.7154636383056641,0.38330182433128357,-0.06938401609659195,457,183,1
0000022.jpg,12,0.7163561582565308,0.4157981872558594,-0.06691176444292068,458,199,1
0000022.jpg,13,0.7166634202003479,0.2565022110939026,-0.03834334388375282,458,123,1
0000022.jpg,14,0.7316824197769165,0.32402700185775757,-0.04538782685995102,468,155,1
0000022.jpg,15,0.7360178232192993,0.3680027425289154,-0.04408620670437813,471,176,1
0000022.jpg,16,0.7370287775993347,0.3984852731227875,-0.04423372074961662,471,191,1
0000022.jpg,17,0.7287876009941101,0.24958203732967377,-0.01574094220995903,466,119,1
0000022.jpg,18,0.7391876578330994,0.30395111441612244,-0.014708040282130241,473,145,1
0000022.jpg,19,0.7396213412284851,0.3341031074523926,-0.009875443764030933,473,160,1
0000022.jpg,20,0.7386444807052612,0.3563578128814697,-0.008982292376458645,472,171,1
0000023.jpg,0,0.682418704032898,0.1757713109254837,-5.2710154704982415e-05,436,84,1
0000023.jpg,1,0.64693284034729,0.21337385475635529,-0.014359519816935062,414,102,1
0000023.jpg,2,0.6320716738700867,0.26249822974205017,-0.029833512380719185,404,125,1
0000023.jpg,3,0.6264157295227051,0.31032106280326843,-0.03632724657654762,400,148,1
0000023.jpg,4,0.6211543083190918,0.3506539762020111,-0.04181806743144989,397,168,1
0000023.jpg,5,0.6711810827255249,0.27783825993537903,-0.07671276479959488,429,133,1
0000023.jpg,6,0.6794989705085754,0.34827837347984314,-0.08872722089290619,434,167,1
0000023.jpg,7,0.6808612942695618,0.3918931484222412,-0.09052317589521408,435,188,1
0000023.jpg,8,0.6800167560577393,0.4247732162475586,-0.0881529226899147,435,203,1
0000023.jpg,9,0.6989284157752991,0.2742772102355957,-0.06155700981616974,447,131,1
0000023.jpg,10,0.7129416465759277,0.35085445642471313,-0.07591910660266876,456,168,1
0000023.jpg,11,0.7167945504188538,0.3986913859844208,-0.07285244762897491,458,191,1
0000023.jpg,12,0.7172632813453674,0.4313046932220459,-0.06904339790344238,459,207,1
0000023.jpg,13,0.7183752059936523,0.2690989077091217,-0.040765900164842606,459,129,1
0000023.jpg,14,0.7341979146003723,0.33842647075653076,-0.04837844893336296,469,162,1
0000023.jpg,15,0.7381646633148193,0.38286685943603516,-0.04603952169418335,472,183,1
0000023.jpg,16,0.7390710711479187,0.4137752056121826,-0.04460730776190758,473,198,1
0000023.jpg,17,0.7300019860267639,0.26334065198898315,-0.017345009371638298,467,126,1
0000023.jpg,18,0.7408829927444458,0.31901243329048157,-0.015885500237345695,474,153,1
0000023.jpg,19,0.7410328984260559,0.34921514987945557,-0.00930427573621273,474,167,1
0000023.jpg,20,0.7399901151657104,0.37097111344337463,-0.0067185102961957455,473,178,1
0000024.jpg,0,0.6826288104057312,0.18827947974205017,-5.506329034687951e-05,436,90,1
0000024.jpg,1,0.6478481292724609,0.22486501932144165,-0.013447917066514492,414,107,1
0000024.jpg,2,0.6330463290214539,0.274551659822464,-0.02771855518221855,405,131,1
0000024.jpg,3,0.6277883052825928,0.3238726854324341,-0.03372924029827118,401,155,1
0000024.jpg,4,0.6225177049636841,0.3647175431251526,-0.03836388885974884,398,175,1
0000024.jpg,5,0.6722708344459534,0.2915518283843994,-0.07145141810178757,430,139,1
0000024.jpg,6,0.6804649233818054,0.3628152012825012,-0.0808333083987236,435,174,1
0000024.jpg,7,0.6825425028800964,0.4057212471961975,-0.08125606179237366,436,194,1
0000024.jpg,8,0.6825750470161438,0.43841755390167236,-0.07861122488975525,436,210,1
0000024.jpg,9,0.7001280784606934,0.2877626121044159,-0.05699361860752106,448,138,1
0000024.jpg,10,0.7143418192863464,0.36442869901657104,-0.07006002962589264,457,174,1
0000024.jpg,11,0.7196239829063416,0.4113945960998535,-0.06680159270763397,460,197,1
0000024.jpg,12,0.7215291261672974,0.444250226020813,-0.06354626268148422,461,213,1
0000024.jpg,13,0.7197834253311157,0.28200632333755493,-0.03709141165018082,460,135,1
0000024.jpg,14,0.7354761362075806,0.35143160820007324,-0.04331037774682045,470,168,1
0000024.jpg,15,0.7400801777839661,0.39541447162628174,-0.04129308834671974,473,189,1
0000024.jpg,16,0.7415136694908142,0.42651715874671936,-0.04049702361226082,474,204,1
0000024.jpg,17,0.7317483425140381,0.2752491533756256,-0.014637356624007225,468,132,1
0000024.jpg,18,0.7428597807884216,0.3316948115825653,-0.012937248684465885,475,159,1
0000024.jpg,19,0.7433777451515198,0.3617752492427826,-0.007287139073014259,475,173,1
0000024.jpg,20,0.7425519824028015,0.3838844299316406,-0.0060150814242661,475,184,1
0000025.jpg,0,0.6825017333030701,0.20170024037361145,-5.4989606724120677e-05,436,96,1
0000025.jpg,1,0.6465511918067932,0.24407362937927246,-0.013195053674280643,413,117,1
0000025.jpg,2,0.6327962279319763,0.29223063588142395,-0.02674291282892227,404,140,1
0000025.jpg,3,0.6282975673675537,0.33872702717781067,-0.031217319890856743,402,162,1
0000025.jpg,4,0.6241633296012878,0.3788067698478699,-0.03450102359056473,399,181,1
0000025.jpg,5,0.6742854714393616,0.308430552482605,-0.0720304623246193,431,148,1
0000025.jpg,6,0.6826913356781006,0.3782384991645813,-0.08200442045927048,436,181,1
0000025.jpg,7,0.6845888495445251,0.4212779700756073,-0.08239463716745377,438,202,1
0000025.jpg,8,0.6845795512199402,0.45328405499458313,-0.07837442308664322,438,217,1
0000025.jpg,9,0.7016671299934387,0.30249953269958496,-0.055728815495967865,449,145,1
0000025.jpg,10,0.7169035077095032,0.3775184750556946,-0.06770800054073334,458,181,1
0000025.jpg,11,0.7212927341461182,0.4233933687210083,-0.06208851560950279,461,203,1
0000025.jpg,12,0.7219037413597107,0.4542180895805359,-0.056125760078430176,462,218,1
0000025.jpg,13,0.7207916975021362,0.2947409451007843,-0.03353116288781166,461,141,1
0000025.jpg,14,0.7376647591590881,0.3610621690750122,-0.038303930312395096,472,173,1
0000025.jpg,15,0.7418805360794067,0.4033326804637909,-0.032701168209314346,474,193,1
0000025.jpg,16,0.7422338128089905,0.43183961510658264,-0.028185797855257988,475,207,1
0000025.jpg,17,0.7319272756576538,0.2863873839378357,-0.009019123390316963,468,137,1
0000025.jpg,18,0.7436602115631104,0.3372659981250763,-0.0052936384454369545,475,161,1
0000025.jpg,19,0.744034469127655,0.36522871255874634,0.0037144531961530447,476,175,1
0000025.jpg,20,0.7420406937599182,0.3844764828681946,0.009189500473439693,474,184,1
0000026.jpg,0,0.6814993023872375,0.21516206860542297,-5.994244202156551e-05,436,103,1
0000026.jpg,1,0.6470257639884949,0.25645413994789124,-0.010534744709730148,414,123,1
0000026.jpg,2,0.6336342096328735,0.3057840168476105,-0.02324923500418663,405,146,1
0000026.jpg,3,0.6296424865722656,0.35360926389694214,-0.02771262638270855,402,169,1
0000026.jpg,4,0.6249083876609802,0.39298248291015625,-0.031099574640393257,399,188,1
0000026.jpg,5,0.6742758750915527,0.3202154040336609,-0.06924819946289062,431,153,1
0000026.jpg,6,0.6833140850067139,0.3917102515697479,-0.07834286987781525,437,188,1
0000026.jpg,7,0.6856284141540527,0.4342684745788574,-0.0776888057589531,438,208,1
0000026.jpg,8,0.6857073307037354,0.46593254804611206,-0.07320309430360794,438,223,1
0000026.jpg,9,0.7022882699966431,0.31470009684562683,-0.05478665232658386,449,151,1
0000026.jpg,10,0.7184184789657593,0.39020490646362305,-0.06554386019706726,459,187,1
0000026.jpg,11,0.7235935926437378,0.43597081303596497,-0.058973170816898346,463,209,1
0000026.jpg,12,0.7248337268829346,0.4667997360229492,-0.05308716371655464,463,224,1
0000026.jpg,13,0.7218483686447144,0.3068544268608093,-0.03446272015571594,461,147,1
0000026.jpg,14,0.7393544316291809,0.3748493790626526,-0.03806658089160919,473,179,1
0000026.jpg,15,0.7437460422515869,0.4173669219017029,-0.03218870237469673,475,200,1
0000026.jpg,16,0.7441402673721313,0.44606107473373413,-0.02820456586778164,476,214,1
0000026.jpg,17,0.733104407787323,0.29808470606803894,-0.011488404124975204,469,143,1
0000026.jpg,18,0.7443289160728455,0.3518238961696625,-0.005751855671405792,476,168,1
0000026.jpg,19,0.7437160015106201,0.3801838159561157,0.00463747326284647,475,182,1
0000026.jpg,20,0.7410172820091248,0.39939457178115845,0.00986476056277752,474,191,1
0000027.jpg,0,0.6821646690368652,0.22831401228904724,-6.317492079688236e-05,436,109,1
0000027.jpg,1,0.647131085395813,0.2695450484752655,-0.008838568814098835,414,129,1
0000027.jpg,2,0.6335755586624146,0.3172209560871124,-0.02093873731791973,405,152,1
0000027.jpg,3,0.6288182735443115,0.3640650808811188,-0.025665735825896263,402,174,1
0000027.jpg,4,0.6244813203811646,0.4045029282569885,-0.029804257676005363,399,194,1
0000027.jpg,5,0.675304114818573,0.337213933467865,-0.06320822238922119,432,161,1
0000027.jpg,6,0.6837363839149475,0.40699878334999084,-0.07036113739013672,437,195,1
0000027.jpg,7,0.6851796507835388,0.4488568902015686,-0.0675811916589737,438,215,1
0000027.jpg,8,0.6847256422042847,0.47921156883239746,-0.061150550842285156,438,230,1
0000027.jpg,9,0.7033804655075073,0.3314756453037262,-0.04842384159564972,450,159,1
0000027.jpg,10,0.7186232805252075,0.4046362638473511,-0.05634470656514168,459,194,1
0000027.jpg,11,0.7228444218635559,0.44908714294433594,-0.047418106347322464,462,215,1
0000027.jpg,12,0.7234450578689575,0.4787568747997284,-0.03926815092563629,463,229,1
0000027.jpg,13,0.7228221893310547,0.32294905185699463,-0.02786956913769245,462,155,1
0000027.jpg,14,0.7402201294898987,0.3880115747451782,-0.029546132311224937,473,186,1
0000027.jpg,15,0.7446151971817017,0.42846816778182983,-0.022322924807667732,476,205,1
0000027.jpg,16,0.7450595498085022,0.45528554916381836,-0.016679037362337112,476,218,1
0000027.jpg,17,0.7336613535881042,0.312997430562973,-0.004665377549827099,469,150,1
0000027.jpg,18,0.7452088594436646,0.3641936779022217,0.002566200913861394,476,174,1
0000027.jpg,19,0.7446838021278381,0.3910369277000427,0.013542800210416317,476,187,1
0000027.jpg,20,0.7413585186004639,0.4084962010383606,0.02055818773806095,474,196,1
0000028.jpg,0,0.6807377934455872,0.24001528322696686,-6.002101144986227e-05,435,115,1
0000028.jpg,1,0.6462050676345825,0.28167712688446045,-0.010101673193275928,413,135,1
0000028.jpg,2,0.6331266164779663,0.3301045894622803,-0.022815678268671036,405,158,1
0000028.jpg,3,0.6289055943489075,0.3777818977832794,-0.028058843687176704,402,181,1
0000028.jpg,4,0.6242271065711975,0.41755181550979614,-0.03265004605054855,399,200,1
0000028.jpg,5,0.673970103263855,0.3470745384693146,-0.0660414919257164,431,166,1
0000028.jpg,6,0.6840978264808655,0.41928136348724365,-0.0733228474855423,437,201,1
0000028.jpg,7,0.6869999170303345,0.4612937569618225,-0.07017732411623001,439,221,1
0000028.jpg,8,0.6878901720046997,0.49186110496520996,-0.06376636028289795,440,236,1
0000028.jpg,9,0.7017912864685059,0.33997198939323425,-0.051403991878032684,449,163,1
0000028.jpg,10,0.7188080549240112,0.41480588912963867,-0.06072639301419258,460,199,1
0000028.jpg,11,0.7246268391609192,0.4593982696533203,-0.051876336336135864,463,220,1
0000028.jpg,12,0.72670978307724,0.4887327551841736,-0.044023770838975906,465,234,1
0000028.jpg,13,0.721613883972168,0.33033517003059387,-0.03126261383295059,461,158,1
0000028.jpg,14,0.7402672171592712,0.39734140038490295,-0.03425241634249687,473,190,1
0000028.jpg,15,0.7452372312545776,0.43838757276535034,-0.027116814628243446,476,210,1
0000028.jpg,16,0.746435284614563,0.4657740592956543,-0.021057624369859695,477,223,1
0000028.jpg,17,0.7328783869743347,0.319898784160614,-0.008599026128649712,469,153,1
0000028.jpg,18,0.7462061643600464,0.37230589985847473,-0.0031540498603135347,477,178,1
0000028.jpg,19,0.7464745044708252,0.3992510139942169,0.006912401877343655,477,191,1
0000028.jpg,20,0.7441850304603577,0.4171879291534424,0.013132636435329914,476,200,1
0000029.jpg,0,0.679868757724762,0.25325050950050354,-6.059004954295233e-05,435,121,1
0000029.jpg,1,0.646320104598999,0.2936455011367798,-0.010028937831521034,413,140,1
0000029.jpg,2,0.6332097053527832,0.34128713607788086,-0.02250184491276741,405,163,1
0000029.jpg,3,0.6286420822143555,0.388519823551178,-0.027619972825050354,402,186,1
0000029.jpg,4,0.624727725982666,0.42908039689064026,-0.03171970695257187,399,205,1
0000029.jpg,5,0.6754202246665955,0.3606327474117279,-0.06410872936248779,432,173,1
0000029.jpg,6,0.6848536729812622,0.4315432012081146,-0.07067509740591049,438,207,1
0000029.jpg,7,0.6876834630966187,0.47332465648651123,-0.06669217348098755,440,227,1
0000029.jpg,8,0.6887661814689636,0.5033511519432068,-0.05962688848376274,440,241,1
0000029.jpg,9,0.7028786540031433,0.3537851870059967,-0.04878118261694908,449,169,1
0000029.jpg,10,0.7190253734588623,0.4272632896900177,-0.05548502877354622,460,205,1
0000029.jpg,11,0.7243257164955139,0.470223993062973,-0.04522110894322395,463,225,1
0000029.jpg,12,0.7261194586753845,0.4987793266773224,-0.0365944467484951,464,239,1
0000029.jpg,13,0.7218722105026245,0.34454330801963806,-0.02808520384132862,461,165,1
0000029.jpg,14,0.7398247718811035,0.4102960526943207,-0.029200701043009758,473,196,1
0000029.jpg,15,0.7445618510246277,0.45020216703414917,-0.02134363166987896,476,216,1
0000029.jpg,16,0.7456002235412598,0.47695595026016235,-0.015084875747561455,477,228,1
0000029.jpg,17,0.7327625155448914,0.33417466282844543,-0.004988602362573147,468,160,1
0000029.jpg,18,0.7456346750259399,0.385919451713562,0.0013487304095178843,477,185,1
0000029.jpg,19,0.7453879117965698,0.4123479127883911,0.011090862564742565,477,197,1
0000029.jpg,20,0.7424120903015137,0.42970728874206543,0.017214348539710045,475,206,1
0000030.jpg,0,0.6787195205688477,0.2638431191444397,-5.8610192354535684e-05,434,126,1
0000030.jpg,1,0.6452103853225708,0.3035697937011719,-0.00868924055248499,412,145,1
0000030.jpg,2,0.6325764656066895,0.3515075445175171,-0.020434722304344177,404,168,1
0000030.jpg,3,0.6282336711883545,0.3988897502422333,-0.025530921295285225,402,191,1
0000030.jpg,4,0.6231354475021362,0.43881872296333313,-0.030311211943626404,398,210,1
0000030.jpg,5,0.6750537753105164,0.37239718437194824,-0.05952538177371025,432,178,1
0000030.jpg,6,0.6847984194755554,0.4429115056991577,-0.06458312273025513,438,212,1
0000030.jpg,7,0.6870052814483643,0.48358970880508423,-0.05916202440857887,439,232,1
0000030.jpg,8,0.6874391436576843,0.5130414962768555,-0.050769053399562836,439,246,1
0000030.jpg,9,0.7026168704032898,0.3659915030002594,-0.04502512887120247,449,175,1
0000030.jpg,10,0.7190158367156982,0.4384773373603821,-0.05100004002451897,460,210,1
0000030.jpg,11,0.7242419719696045,0.4807527959346771,-0.040909621864557266,463,230,1
0000030.jpg,12,0.7259141206741333,0.5091245174407959,-0.032581012696027756,464,244,1
0000030.jpg,13,0.7217340469360352,0.35616767406463623,-0.02512987330555916,461,170,1
0000030.jpg,14,0.7396312952041626,0.42057785391807556,-0.025960082188248634,473,201,1
0000030.jpg,15,0.7442660331726074,0.45944690704345703,-0.01811065711081028,476,220,1
0000030.jpg,16,0.7451398372650146,0.485643208026886,-0.011866869404911995,476,233,1
0000030.jpg,17,0.7321630716323853,0.34476345777511597,-0.0027159014716744423,468,165,1
0000030.jpg,18,0.7451810240745544,0.39572304487228394,0.003709707409143448,476,189,1
0000030.jpg,19,0.7457320690155029,0.4218343496322632,0.013231826946139336,477,202,1
0000030.jpg,20,0.7433596849441528,0.4394332468509674,0.018713558092713356,475,210,1
0000031.jpg,0,0.6773262023925781,0.27379316091537476,-5.873732879990712e-05,433,131,1
0000031.jpg,1,0.644305408000946,0.3137020170688629,-0.00892452523112297,412,150,1
0000031.jpg,2,0.6317943334579468,0.36027029156684875,-0.021311746910214424,404,172,1
0000031.jpg,3,0.626994252204895,0.40738725662231445,-0.027530279010534286,401,195,1
0000031.jpg,4,0.622087299823761,0.4469528794288635,-0.03326107934117317,398,214,1
0000031.jpg,5,0.6740966439247131,0.3837019205093384,-0.05635201558470726,431,184,1
0000031.jpg,6,0.6829929351806641,0.45489710569381714,-0.059607915580272675,437,218,1
0000031.jpg,7,0.6851694583892822,0.49482619762420654,-0.05155259743332863,438,237,1
0000031.jpg,8,0.686286985874176,0.5233824253082275,-0.04126659408211708,439,251,1
0000031.jpg,9,0.7013055682182312,0.376950740814209,-0.04210556671023369,448,180,1
0000031.jpg,10,0.7172955274581909,0.44871872663497925,-0.0468730665743351,459,215,1
0000031.jpg,11,0.7225955724716187,0.490345299243927,-0.035754550248384476,462,235,1
0000031.jpg,12,0.7250934839248657,0.5176212787628174,-0.02728133089840412,464,248,1
0000031.jpg,13,0.7204369902610779,0.3661573529243469,-0.022692522034049034,461,175,1
0000031.jpg,14,0.7382967472076416,0.42938220500946045,-0.02297115884721279,472,206,1
0000031.jpg,15,0.7430711388587952,0.4679200053215027,-0.014636971987783909,475,224,1
0000031.jpg,16,0.744539201259613,0.49395614862442017,-0.008458158001303673,476,237,1
0000031.jpg,17,0.7308309078216553,0.3533776104450226,-0.0009211146389134228,467,169,1
0000031.jpg,18,0.7438002824783325,0.4029507637023926,0.005667169578373432,476,193,1
0000031.jpg,19,0.7437578439712524,0.4284166097640991,0.014692629687488079,476,205,1
0000031.jpg,20,0.7411208152770996,0.44526779651641846,0.019255327060818672,474,213,1
0000032.jpg,0,0.6753743290901184,0.2821498513221741,-4.925189568893984e-05,432,135,1
0000032.jpg,1,0.6421237587928772,0.32328397035598755,-0.008407662622630596,410,155,1
0000032.jpg,2,0.6296747326850891,0.3702428638935089,-0.01965266466140747,402,177,1
0000032.jpg,3,0.6255902051925659,0.41748398542404175,-0.024566015228629112,400,200,1
0000032.jpg,4,0.6204623579978943,0.45599180459976196,-0.028734751045703888,397,218,1
0000032.jpg,5,0.6713847517967224,0.3920183479785919,-0.05752667039632797,429,188,1
0000032.jpg,6,0.6809477210044861,0.4635109007358551,-0.06256886571645737,435,222,1
0000032.jpg,7,0.6835554242134094,0.5038860440254211,-0.05631403997540474,437,241,1
0000032.jpg,8,0.6846232414245605,0.5325496196746826,-0.04781048372387886,438,255,1
0000032.jpg,9,0.6985560655593872,0.3843308687210083,-0.04408101364970207,447,184,1
0000032.jpg,10,0.7157301902770996,0.4568062424659729,-0.05103563889861107,458,219,1
0000032.jpg,11,0.7219423651695251,0.49886712431907654,-0.040694862604141235,462,239,1
0000032.jpg,12,0.7248491048812866,0.526523768901825,-0.03264262527227402,463,252,1
0000032.jpg,13,0.7179612517356873,0.3725101053714752,-0.02543114311993122,459,178,1
0000032.jpg,14,0.736513614654541,0.43661588430404663,-0.028387507423758507,471,209,1
0000032.jpg,15,0.7414637804031372,0.47541776299476624,-0.02081114985048771,474,228,1
0000032.jpg,16,0.7429013848304749,0.5013957619667053,-0.01463526114821434,475,240,1
0000032.jpg,17,0.7285965085029602,0.3591970205307007,-0.0043179490603506565,466,172,1
0000032.jpg,18,0.7426930069923401,0.40884795784950256,0.0001490983268013224,475,196,1
0000032.jpg,19,0.7435095310211182,0.4348311126232147,0.009157286025583744,475,208,1
0000032.jpg,20,0.7415395975112915,0.45204809308052063,0.014693544246256351,474,216,1
0000033.jpg,0,0.6745604276657104,0.29041588306427,-5.679895912180655e-05,431,139,1
0000033.jpg,1,0.6412038803100586,0.330858051776886,-0.007405581884086132,410,158,1
0000033.jpg,2,0.6285573244094849,0.3775624632835388,-0.018961286172270775,402,181,1
0000033.jpg,3,0.6244255304336548,0.42483651638031006,-0.024871885776519775,399,203,1
0000033.jpg,4,0.61967933177948,0.46463507413864136,-0.029792167246341705,396,223,1
0000033.jpg,5,0.6711567044258118,0.4031946361064911,-0.05339578911662102,429,193,1
0000033.jpg,6,0.6799072027206421,0.47378695011138916,-0.056655291467905045,435,227,1
0000033.jpg,7,0.6827652454376221,0.5135497450828552,-0.05069423094391823,436,246,1
0000033.jpg,8,0.6842427253723145,0.542060136795044,-0.04265260323882103,437,260,1
0000033.jpg,9,0.6980211138725281,0.39489033818244934,-0.04057329148054123,446,189,1
0000033.jpg,10,0.7142841815948486,0.46651580929756165,-0.045974936336278915,457,223,1
0000033.jpg,11,0.7204365730285645,0.5079641342163086,-0.03549385070800781,461,243,1
0000033.jpg,12,0.723516583442688,0.5354077816009521,-0.027634192258119583,463,256,1
0000033.jpg,13,0.717255175113678,0.38217222690582275,-0.02257779985666275,459,183,1
0000033.jpg,14,0.7350671291351318,0.4454471468925476,-0.02321719564497471,470,213,1
0000033.jpg,15,0.7398947477340698,0.48387953639030457,-0.01520425546914339,473,232,1
0000033.jpg,16,0.7414014935493469,0.5098124742507935,-0.009327162988483906,474,244,1
0000033.jpg,17,0.7282766699790955,0.36779364943504333,-0.0022701427806168795,466,176,1
0000033.jpg,18,0.7416534423828125,0.4179185628890991,0.004316081292927265,474,200,1
0000033.jpg,19,0.7424790859222412,0.44431427121162415,0.013972154818475246,475,213,1
0000033.jpg,20,0.7408008575439453,0.4621015191078186,0.019492093473672867,474,221,1
0000034.jpg,0,0.6744320392608643,0.2967667281627655,-5.35238505108282e-05,431,142,1
0000034.jpg,1,0.6405282020568848,0.3387514054775238,-0.005708429496735334,409,162,1
0000034.jpg,2,0.6280811429023743,0.3851719796657562,-0.016300035640597343,401,184,1
0000034.jpg,3,0.6244116425514221,0.4317973256111145,-0.020675312727689743,399,207,1
0000034.jpg,4,0.6196508407592773,0.47055497765541077,-0.024386294186115265,396,225,1
0000034.jpg,5,0.6706143021583557,0.40960949659347534,-0.053122494369745255,429,196,1
0000034.jpg,6,0.6799930334091187,0.4804359972476959,-0.05738677829504013,435,230,1
0000034.jpg,7,0.6828033924102783,0.5202003717422485,-0.05168392136693001,436,249,1
0000034.jpg,8,0.6839930415153503,0.5489637851715088,-0.04411182925105095,437,263,1
0000034.jpg,9,0.6978332996368408,0.40059030055999756,-0.039613027125597,446,192,1
0000034.jpg,10,0.7155526280403137,0.47241899371147156,-0.04469934105873108,457,226,1
0000034.jpg,11,0.7219300270080566,0.5136398077011108,-0.03240897133946419,462,246,1
0000034.jpg,12,0.7245728969573975,0.5400360822677612,-0.02216309681534767,463,259,1
0000034.jpg,13,0.7172386646270752,0.3873273730278015,-0.021188518032431602,459,185,1
0000034.jpg,14,0.7365855574607849,0.45105674862861633,-0.020331572741270065,471,216,1
0000034.jpg,15,0.7407991290092468,0.48913517594337463,-0.009250297211110592,474,234,1
0000034.jpg,16,0.7412244081497192,0.5139216780662537,-0.0007465675007551908,474,246,1
0000034.jpg,17,0.7281678915023804,0.3727749288082123,-0.0003482327738311142,466,178,1
0000034.jpg,18,0.7432000637054443,0.42344507575035095,0.007826553657650948,475,203,1
0000034.jpg,19,0.7435497641563416,0.4501678943634033,0.01917373575270176,475,216,1
0000034.jpg,20,0.7406380772590637,0.4678085446357727,0.026821885257959366,474,224,1
0000035.jpg,0,0.6733830571174622,0.3023320734500885,-5.431518002296798e-05,430,145,1
0000035.jpg,1,0.6397220492362976,0.3433639109134674,-0.0037688680458813906,409,164,1
0000035.jpg,2,0.6280580163002014,0.3905600607395172,-0.01291253324598074,401,187,1
0000035.jpg,3,0.6253288388252258,0.43801769614219666,-0.016263103112578392,400,210,1
0000035.jpg,4,0.6206952333450317,0.47652503848075867,-0.019080283120274544,397,228,1
0000035.jpg,5,0.66928631067276,0.41567084193229675,-0.05087859183549881,428,199,1
0000035.jpg,6,0.6799516677856445,0.48640865087509155,-0.05403594300150871,435,233,1
0000035.jpg,7,0.6833096146583557,0.5253143906593323,-0.046589095145463943,437,252,1
0000035.jpg,8,0.6849235892295837,0.5527226328849792,-0.03747814893722534,438,265,1
0000035.jpg,9,0.6970549821853638,0.4064086377620697,-0.03822663053870201,446,195,1
0000035.jpg,10,0.7156807780265808,0.4780692458152771,-0.042209360748529434,458,229,1
0000035.jpg,11,0.7223440408706665,0.5189316868782043,-0.028347304090857506,462,249,1
0000035.jpg,12,0.7254902124404907,0.545059859752655,-0.016872290521860123,464,261,1
0000035.jpg,13,0.7169698476791382,0.3925047516822815,-0.02060261368751526,458,188,1
0000035.jpg,14,0.7360461950302124,0.4562493860721588,-0.019019244238734245,471,218,1
0000035.jpg,15,0.7400551438331604,0.4937039017677307,-0.006832566112279892,473,236,1
0000035.jpg,16,0.7407385110855103,0.5176390409469604,0.0025392542593181133,474,248,1
0000035.jpg,17,0.7281519174575806,0.377373605966568,-0.0004120750818401575,466,181,1
0000035.jpg,18,0.7432871460914612,0.42723265290260315,0.007840022444725037,475,205,1
0000035.jpg,19,0.743626594543457,0.45315617322921753,0.019369376823306084,475,217,1
0000035.jpg,20,0.7407646775245667,0.4698513150215149,0.027091825380921364,474,225,1
0000036.jpg,0,0.6709069609642029,0.3055814802646637,-4.8368197894888e-05,429,146,1
0000036.jpg,1,0.638556957244873,0.348165363073349,-0.0012840243289247155,408,167,1
0000036.jpg,2,0.6280043125152588,0.39461809396743774,-0.009358585812151432,401,189,1
0000036.jpg,3,0.6262902021408081,0.4415051341056824,-0.01257398258894682,400,211,1
0000036.jpg,4,0.6223456859588623,0.479684442281723,-0.015496630221605301,398,230,1
0000036.jpg,5,0.6699435114860535,0.4207555651664734,-0.0442875437438488,428,201,1
0000036.jpg,6,0.6808913350105286,0.4896720349788666,-0.04550890251994133,435,235,1
0000036.jpg,7,0.6848008036613464,0.526933491230011,-0.03729376941919327,438,252,1
0000036.jpg,8,0.6871316432952881,0.5532665252685547,-0.027986694127321243,439,265,1
0000036.jpg,9,0.6971860527992249,0.4103233814239502,-0.03297034278512001,446,196,1
0000036.jpg,10,0.7161873579025269,0.4804072082042694,-0.035641275346279144,458,230,1
0000036.jpg,11,0.722912073135376,0.5205070376396179,-0.021204577758908272,462,249,1
0000036.jpg,12,0.7262900471687317,0.5462169051170349,-0.009104113094508648,464,262,1
0000036.jpg,13,0.7164071798324585,0.39478540420532227,-0.016845984384417534,458,189,1
0000036.jpg,14,0.7363821268081665,0.4566117525100708,-0.01342909038066864,471,219,1
0000036.jpg,15,0.7397449612617493,0.4937564432621002,-9.068992949323729e-05,473,237,1
0000036.jpg,16,0.7398544549942017,0.5176423788070679,0.009957818314433098,473,248,1
0000036.jpg,17,0.7267120480537415,0.3780922293663025,0.0020207716152071953,465,181,1
0000036.jpg,18,0.7430877685546875,0.42575228214263916,0.012274160049855709,475,204,1
0000036.jpg,19,0.7429516911506653,0.4508208632469177,0.024935336783528328,475,216,1
0000036.jpg,20,0.7395904660224915,0.4665408432483673,0.03367617726325989,473,223,1
0000037.jpg,0,0.6693791747093201,0.30756640434265137,-5.260849866317585e-05,428,147,1
0000037.jpg,1,0.6371898651123047,0.35222452878952026,0.0013863437343388796,407,169,1
0000037.jpg,2,0.62823086977005,0.40013179183006287,-0.0037803221493959427,402,192,1
0000037.jpg,3,0.6283365488052368,0.44751882553100586,-0.0038728525396436453,402,214,1
0000037.jpg,4,0.6251498460769653,0.484608918428421,-0.002874417696148157,400,232,1
0000037.jpg,5,0.6693382263183594,0.4235522747039795,-0.04172545671463013,428,203,1
0000037.jpg,6,0.6823252439498901,0.49221739172935486,-0.040677886456251144,436,236,1
0000037.jpg,7,0.6867157816886902,0.52923983335495,-0.03039204142987728,439,254,1
0000037.jpg,8,0.6886839270591736,0.5545071363449097,-0.01932321861386299,440,266,1
0000037.jpg,9,0.6965321898460388,0.412265807390213,-0.0301223024725914,445,197,1
0000037.jpg,10,0.7168780565261841,0.48204007744789124,-0.02993945963680744,458,231,1
0000037.jpg,11,0.7240501642227173,0.5210998058319092,-0.013175003230571747,463,250,1
0000037.jpg,12,0.7275144457817078,0.5458058714866638,0.0005804175161756575,465,261,1
0000037.jpg,13,0.7158442735671997,0.3959403932094574,-0.01357869990170002,458,190,1
0000037.jpg,14,0.7352639436721802,0.457937091588974,-0.007778485771268606,470,219,1
0000037.jpg,15,0.739123523235321,0.4939970374107361,0.007554436568170786,473,237,1
0000037.jpg,16,0.7391067743301392,0.5163333415985107,0.019091235473752022,473,247,1
0000037.jpg,17,0.726448118686676,0.37897276878356934,0.005602200981229544,464,181,1
0000037.jpg,18,0.741698145866394,0.4263024926185608,0.017751848325133324,474,204,1
0000037.jpg,19,0.741544783115387,0.4508236050605774,0.03150257468223572,474,216,1
0000037.jpg,20,0.7379411458969116,0.46565523743629456,0.04078259691596031,472,223,1
0000038.jpg,0,0.6686109900474548,0.30935049057006836,-5.5773321946617216e-05,427,148,1
0000038.jpg,1,0.6368443965911865,0.3570631444454193,0.005805492866784334,407,171,1
0000038.jpg,2,0.6280053853988647,0.40412986278533936,0.0036891356576234102,401,193,1
0000038.jpg,3,0.6291441917419434,0.4497133195400238,0.00642336206510663,402,215,1
0000038.jpg,4,0.629093587398529,0.4860973358154297,0.01125378254801035,402,233,1
0000038.jpg,5,0.6695791482925415,0.42776191234588623,-0.034865666180849075,428,205,1
0000038.jpg,6,0.6832702159881592,0.49375951290130615,-0.03206557780504227,437,237,1
0000038.jpg,7,0.6876444816589355,0.5297858715057373,-0.020459892228245735,440,254,1
0000038.jpg,8,0.6892387270927429,0.5540571808815002,-0.008255472406744957,441,265,1
0000038.jpg,9,0.6958650350570679,0.4151516556739807,-0.023760272189974785,445,199,1
0000038.jpg,10,0.7166876196861267,0.4830528497695923,-0.02246333844959736,458,231,1
0000038.jpg,11,0.7237635254859924,0.5202395915985107,-0.004108233377337456,463,249,1
0000038.jpg,12,0.726715624332428,0.5441010594367981,0.011667387560009956,465,261,1
0000038.jpg,13,0.7146497964859009,0.39810386300086975,-0.007376512978225946,457,191,1
0000038.jpg,14,0.734028160572052,0.45831239223480225,0.0005283934297040105,469,219,1
0000038.jpg,15,0.7374085187911987,0.49304381012916565,0.017977885901927948,471,236,1
0000038.jpg,16,0.7361594438552856,0.5144674181938171,0.03181665390729904,471,246,1
0000038.jpg,17,0.7255371809005737,0.3808823525905609,0.011679398827254772,464,182,1
0000038.jpg,18,0.7416229844093323,0.42729830741882324,0.02586420439183712,474,205,1
0000038.jpg,19,0.7417007684707642,0.45148998498916626,0.04124661162495613,474,216,1
0000038.jpg,20,0.7372763752937317,0.46606186032295227,0.052490174770355225,471,223,1
0000039.jpg,0,0.667403519153595,0.31011509895324707,-5.7362354709766805e-05,427,148,1
0000039.jpg,1,0.6360347867012024,0.3583700358867645,0.009910816326737404,407,172,1
0000039.jpg,2,0.627592146396637,0.4058998227119446,0.011425483040511608,401,194,1
0000039.jpg,3,0.630626380443573,0.4507656991481781,0.01736018806695938,403,216,1
0000039.jpg,4,0.6327086091041565,0.4864237308502197,0.025834940373897552,404,233,1
0000039.jpg,5,0.6687982082366943,0.4289180040359497,-0.030448945239186287,428,205,1
0000039.jpg,6,0.682307779788971,0.49326783418655396,-0.026259848847985268,436,236,1
0000039.jpg,7,0.6877976655960083,0.5287660360336304,-0.014838048256933689,440,253,1
0000039.jpg,8,0.6906547546386719,0.5528128743171692,-0.0033401246182620525,442,265,1
0000039.jpg,9,0.6951313614845276,0.4165441691875458,-0.020980536937713623,444,199,1
0000039.jpg,10,0.716062068939209,0.48274487257003784,-0.01836043782532215,458,231,1
0000039.jpg,11,0.7242676019668579,0.5193546414375305,-0.0007636741502210498,463,249,1
0000039.jpg,12,0.7278919219970703,0.5431389212608337,0.014275218360126019,465,260,1
0000039.jpg,13,0.7141225934028625,0.3996964991092682,-0.0057085310108959675,457,191,1
0000039.jpg,14,0.7334557771682739,0.45806455612182617,0.0034849841613322496,469,219,1
0000039.jpg,15,0.7369973659515381,0.49175235629081726,0.021297629922628403,471,236,1
0000039.jpg,16,0.735430121421814,0.5117109417915344,0.03496381640434265,470,245,1
0000039.jpg,17,0.7257780432701111,0.3824963867664337,0.012690236791968346,464,183,1
0000039.jpg,18,0.7429178357124329,0.42729368805885315,0.02736346609890461,475,205,1
0000039.jpg,19,0.743510901927948,0.4501372277736664,0.04288825765252113,475,216,1
0000039.jpg,20,0.7389172911643982,0.46310946345329285,0.054190486669540405,472,222,1
0000040.jpg,0,0.6684950590133667,0.31130969524383545,-7.08673833287321e-05,427,149,1
0000040.jpg,1,0.636735200881958,0.36252838373184204,0.009883290156722069,407,174,1
0000040.jpg,2,0.6304768323898315,0.4094308316707611,0.011245792731642723,403,196,1
0000040.jpg,3,0.6370542049407959,0.45297107100486755,0.01768215000629425,407,217,1
0000040.jpg,4,0.643561601638794,0.48901280760765076,0.026231927797198296,411,234,1
0000040.jpg,5,0.669661283493042,0.4311225712299347,-0.03259943798184395,428,206,1
0000040.jpg,6,0.6826114654541016,0.49471110105514526,-0.028203265741467476,436,237,1
0000040.jpg,7,0.6880165934562683,0.5301716327667236,-0.0167048592120409,440,254,1
0000040.jpg,8,0.6911278963088989,0.5538355708122253,-0.004819995723664761,442,265,1
0000040.jpg,9,0.6958222985267639,0.4184854328632355,-0.02251410111784935,445,200,1
0000040.jpg,10,0.7154110670089722,0.48455947637557983,-0.017212308943271637,457,232,1
0000040.jpg,11,0.7220708131790161,0.5204244256019592,0.0015884415479376912,462,249,1
0000040.jpg,12,0.7255899906158447,0.5438527464866638,0.0167414341121912,464,261,1
0000040.jpg,13,0.7145750522613525,0.40233245491981506,-0.005957364570349455,457,193,1
0000040.jpg,14,0.7322103381156921,0.4603113532066345,0.0061165387742221355,468,220,1
0000040.jpg,15,0.7326549291610718,0.492480605840683,0.02566682919859886,468,236,1
0000040.jpg,16,0.7293212413787842,0.5104984045028687,0.03969832509756088,466,245,1
0000040.jpg,17,0.726469099521637,0.3863966763019562,0.013204417191445827,464,185,1
0000040.jpg,18,0.7426501512527466,0.4310840964317322,0.03014949895441532,475,206,1
0000040.jpg,19,0.7425382137298584,0.45414450764656067,0.04735483601689339,475,217,1
0000040.jpg,20,0.7375940680503845,0.4664614200592041,0.05929265543818474,472,223,1
0000041.jpg,0,0.6687572598457336,0.31229159235954285,-7.678868132643402e-05,428,149,1
0000041.jpg,1,0.6388270854949951,0.3651221990585327,0.01166530605405569,408,175,1
0000041.jpg,2,0.6350308656692505,0.4112265706062317,0.014321851544082165,406,197,1
0000041.jpg,3,0.6444721221923828,0.45326825976371765,0.021829849109053612,412,217,1
0000041.jpg,4,0.6531865000724792,0.48841845989227295,0.030445076525211334,418,234,1
0000041.jpg,5,0.6690972447395325,0.43184053897857666,-0.03454653546214104,428,207,1
0000041.jpg,6,0.6821413040161133,0.4949919283390045,-0.032657649368047714,436,237,1
0000041.jpg,7,0.6882411241531372,0.5309118032455444,-0.023236941546201706,440,254,1
0000041.jpg,8,0.69191974401474,0.5542784333229065,-0.012726720422506332,442,266,1
0000041.jpg,9,0.6950260996818542,0.41870930790901184,-0.02561439760029316,444,200,1
0000041.jpg,10,0.7149434685707092,0.48590320348739624,-0.02079910598695278,457,233,1
0000041.jpg,11,0.7214757204055786,0.5217325687408447,-0.00034286832669749856,461,250,1
0000041.jpg,12,0.7247494459152222,0.5450121760368347,0.01692209020256996,463,261,1
0000041.jpg,13,0.7140324711799622,0.40267589688301086,-0.01032758317887783,456,193,1
0000041.jpg,14,0.7307744026184082,0.4616129398345947,0.0012611118145287037,467,221,1
0000041.jpg,15,0.7304860353469849,0.49262332916259766,0.023171138018369675,467,236,1
0000041.jpg,16,0.7267442941665649,0.5089328289031982,0.039675626903772354,465,244,1
0000041.jpg,17,0.7268962264060974,0.3873855173587799,0.007764825597405434,465,185,1
0000041.jpg,18,0.7417442798614502,0.4329395890235901,0.024305224418640137,474,207,1
0000041.jpg,19,0.7407540082931519,0.455654114484787,0.043002475053071976,474,218,1
0000041.jpg,20,0.7346656918525696,0.466823548078537,0.05676828324794769,470,224,1
0000042.jpg,0,0.667920708656311,0.3130427896976471,-8.087827154668048e-05,427,150,1
0000042.jpg,1,0.6392868757247925,0.3679138720035553,0.014268173836171627,409,176,1
0000042.jpg,2,0.6366019248962402,0.41477712988853455,0.018179096281528473,407,199,1
0000042.jpg,3,0.6475896239280701,0.45673680305480957,0.026268377900123596,414,219,1
0000042.jpg,4,0.6590518951416016,0.4892354905605316,0.03520110249519348,421,234,1
0000042.jpg,5,0.6693541407585144,0.4324163496494293,-0.026266366243362427,428,207,1
0000042.jpg,6,0.6806188821792603,0.49607983231544495,-0.02407737448811531,435,238,1
0000042.jpg,7,0.6868528723716736,0.531640887260437,-0.016889913007616997,439,255,1
0000042.jpg,8,0.6913295984268188,0.5558747053146362,-0.007886683568358421,442,266,1
0000042.jpg,9,0.6953549385070801,0.4194203317165375,-0.018828485161066055,445,201,1
0000042.jpg,10,0.7151435017585754,0.48618021607398987,-0.013903490267693996,457,233,1
0000042.jpg,11,0.7221683263778687,0.520646333694458,0.004670178052037954,462,249,1
0000042.jpg,12,0.7263087034225464,0.5435329079627991,0.020460866391658783,464,260,1
0000042.jpg,13,0.7137191295623779,0.40270721912384033,-0.0054268063977360725,456,193,1
0000042.jpg,14,0.7315322160720825,0.46057429909706116,0.007914148271083832,468,221,1
0000042.jpg,15,0.7305644154548645,0.48929738998413086,0.029844792559742928,467,234,1
0000042.jpg,16,0.7265650033950806,0.5042654275894165,0.0459667406976223,465,242,1
0000042.jpg,17,0.7258887887001038,0.3857893943786621,0.010773999616503716,464,185,1
0000042.jpg,18,0.7414129376411438,0.4293917417526245,0.028299931436777115,474,206,1
0000042.jpg,19,0.7396121025085449,0.449646919965744,0.047037262469530106,473,215,1
0000042.jpg,20,0.7330206036567688,0.457949697971344,0.060223568230867386,469,219,1
0000043.jpg,0,0.6679341793060303,0.3130263090133667,-6.41790174995549e-05,427,150,1
0000043.jpg,1,0.6418275833129883,0.37167221307754517,0.02573951706290245,410,178,1
0000043.jpg,2,0.6411792635917664,0.41606491804122925,0.03390972316265106,410,199,1
0000043.jpg,3,0.6521773338317871,0.4501687288284302,0.04383687674999237,417,216,1
0000043.jpg,4,0.6650568246841431,0.47509872913360596,0.052380822598934174,425,228,1
0000043.jpg,5,0.6652307510375977,0.43827491998672485,-0.02358088083565235,425,210,1
0000043.jpg,6,0.6769945025444031,0.4980629086494446,-0.021734947338700294,433,239,1
0000043.jpg,7,0.684097409248352,0.5325217843055725,-0.013422645628452301,437,255,1
0000043.jpg,8,0.6893641352653503,0.5550839900970459,-0.0035997501108795404,441,266,1
0000043.jpg,9,0.6915866732597351,0.42469143867492676,-0.02056906372308731,442,203,1
0000043.jpg,10,0.7118929624557495,0.4869022071361542,-0.01546553149819374,455,233,1
0000043.jpg,11,0.7197228670120239,0.519339382648468,0.0049835797399282455,460,249,1
0000043.jpg,12,0.7239320874214172,0.5413243770599365,0.02330060675740242,463,259,1
0000043.jpg,13,0.7115180492401123,0.40733128786087036,-0.009842838160693645,455,195,1
0000043.jpg,14,0.7301579117774963,0.46194860339164734,0.0061803399585187435,467,221,1
0000043.jpg,15,0.7273985743522644,0.4870508015155792,0.03439313545823097,465,233,1
0000043.jpg,16,0.7216834425926208,0.4998738169670105,0.056015580892562866,461,239,1
0000043.jpg,17,0.725898027420044,0.39039748907089233,0.004320664796978235,464,187,1
0000043.jpg,18,0.7402927875518799,0.43181389570236206,0.025453083217144012,473,207,1
0000043.jpg,19,0.7362508177757263,0.4485556483268738,0.049479465931653976,471,215,1
0000043.jpg,20,0.7285221815109253,0.45540881156921387,0.06770682334899902,466,218,1
0000044.jpg,0,0.6656469106674194,0.3152867555618286,-5.333510125637986e-05,426,151,1
0000044.jpg,1,0.6424299478530884,0.37063124775886536,0.0270509272813797,411,177,1
0000044.jpg,2,0.64387047290802,0.4141414761543274,0.0366547517478466,412,198,1
0000044.jpg,3,0.6583267450332642,0.44647377729415894,0.04759473726153374,421,214,1
0000044.jpg,4,0.6726983785629272,0.46798136830329895,0.057218391448259354,430,224,1
0000044.jpg,5,0.665164053440094,0.43731826543807983,-0.019169578328728676,425,209,1
0000044.jpg,6,0.6765744686126709,0.49779918789863586,-0.015238345600664616,433,238,1
0000044.jpg,7,0.6833222508430481,0.5324757099151611,-0.007649481296539307,437,255,1
0000044.jpg,8,0.6880561709403992,0.555533766746521,-0.00026182670262642205,440,266,1
0000044.jpg,9,0.6914543509483337,0.42517808079719543,-0.016971159726381302,442,204,1
0000044.jpg,10,0.7112089395523071,0.48784738779067993,-0.009994426742196083,455,234,1
0000044.jpg,11,0.7191563844680786,0.5210317373275757,0.00834662839770317,460,250,1
0000044.jpg,12,0.7236315011978149,0.5442445278167725,0.02257353626191616,463,261,1
0000044.jpg,13,0.7109612822532654,0.40799471735954285,-0.007479912601411343,455,195,1
0000044.jpg,14,0.7292761206626892,0.4634236693382263,0.010871879756450653,466,222,1
0000044.jpg,15,0.7263997793197632,0.48822900652885437,0.038781989365816116,464,234,1
0000044.jpg,16,0.7206770777702332,0.5010556578636169,0.05840574577450752,461,240,1
0000044.jpg,17,0.7249403595924377,0.38997310400009155,0.00528206629678607,463,187,1
0000044.jpg,18,0.7383309006690979,0.4324595332145691,0.027761707082390785,472,207,1
0000044.jpg,19,0.7334000468254089,0.4476868510246277,0.05203796178102493,469,214,1
0000044.jpg,20,0.7254562973976135,0.4527265429496765,0.07007468491792679,464,217,1
0000045.jpg,0,0.6658174395561218,0.31386321783065796,-5.627644350170158e-05,426,150,1
0000045.jpg,1,0.6445687413215637,0.37351757287979126,0.029650526121258736,412,179,1
0000045.jpg,2,0.6474103927612305,0.4149341285228729,0.03926200419664383,414,199,1
0000045.jpg,3,0.6615657210350037,0.44473788142204285,0.04990532621741295,423,213,1
0000045.jpg,4,0.6761639714241028,0.46610504388809204,0.05782131105661392,432,223,1
0000045.jpg,5,0.6659241914749146,0.4374656081199646,-0.020025014877319336,426,209,1
0000045.jpg,6,0.677245557308197,0.49560999870300293,-0.016674382612109184,433,237,1
0000045.jpg,7,0.6839582920074463,0.5298742651939392,-0.009520038031041622,437,254,1
0000045.jpg,8,0.6886336803436279,0.5536189079284668,-0.002104220213368535,440,265,1
0000045.jpg,9,0.6918371915817261,0.424622505903244,-0.018605079501867294,442,203,1
0000045.jpg,10,0.7119768261909485,0.485137403011322,-0.012597073800861835,455,232,1
0000045.jpg,11,0.7196083068847656,0.51730877161026,0.006224318873137236,460,248,1
0000045.jpg,12,0.7241966724395752,0.5406380891799927,0.020919082686305046,463,259,1
0000045.jpg,13,0.7111087441444397,0.40729057788848877,-0.009484600275754929,455,195,1
0000045.jpg,14,0.7293281555175781,0.4607986509799957,0.010531405918300152,466,221,1
0000045.jpg,15,0.7242866158485413,0.4830154776573181,0.04237760975956917,463,231,1
0000045.jpg,16,0.7177013158798218,0.4937111437320709,0.06403093785047531,459,236,1
0000045.jpg,17,0.724831759929657,0.39008381962776184,0.0028994500171393156,463,187,1
0000045.jpg,18,0.735892653465271,0.4322538375854492,0.027335714548826218,470,207,1
0000045.jpg,19,0.7288727164268494,0.44744762778282166,0.05343097448348999,466,214,1
0000045.jpg,20,0.7203115820884705,0.4531359076499939,0.07234853506088257,460,217,1
0000046.jpg,0,0.6648513078689575,0.3140593469142914,-5.812356903334148e-05,425,150,1
0000046.jpg,1,0.645144522190094,0.3726212978363037,0.028497297316789627,412,178,1
0000046.jpg,2,0.6485429406166077,0.41389575600624084,0.03565235435962677,415,198,1
0000046.jpg,3,0.6641414165496826,0.44361352920532227,0.04392330348491669,425,212,1
0000046.jpg,4,0.6804176568984985,0.46200570464134216,0.04936150088906288,435,221,1
0000046.jpg,5,0.6659670472145081,0.43444809317588806,-0.024795569479465485,426,208,1
0000046.jpg,6,0.678387463092804,0.49480292201042175,-0.022633660584688187,434,237,1
0000046.jpg,7,0.6849113702774048,0.5299394726753235,-0.016187122091650963,438,254,1
0000046.jpg,8,0.6892414689064026,0.554379940032959,-0.009551368653774261,441,266,1
0000046.jpg,9,0.6913835406303406,0.4217643737792969,-0.02437552809715271,442,202,1
0000046.jpg,10,0.7123420238494873,0.4844737648963928,-0.020697472617030144,455,232,1
0000046.jpg,11,0.72016441822052,0.5183032155036926,-0.0039011361077427864,460,248,1
0000046.jpg,12,0.7251158356666565,0.542231559753418,0.008326991461217403,464,260,1
0000046.jpg,13,0.7102571725845337,0.4042290449142456,-0.015846654772758484,454,194,1
0000046.jpg,14,0.7301048636436462,0.45952048897743225,0.0019318987615406513,467,220,1
0000046.jpg,15,0.7257834076881409,0.48259127140045166,0.03102925978600979,464,231,1
0000046.jpg,16,0.7193745970726013,0.4934311509132385,0.049931850284338,460,236,1
0000046.jpg,17,0.723094642162323,0.3864095211029053,-0.004329192917793989,462,185,1
0000046.jpg,18,0.7348038554191589,0.4299781322479248,0.018602201715111732,470,206,1
0000046.jpg,19,0.7277696132659912,0.44581618905067444,0.04261485114693642,465,213,1
0000046.jpg,20,0.719180166721344,0.45176881551742554,0.059432365000247955,460,216,1
0000047.jpg,0,0.6653347611427307,0.3137573003768921,-5.921183037571609e-05,425,150,1
0000047.jpg,1,0.644729495048523,0.3725723624229431,0.023890959098935127,412,178,1
0000047.jpg,2,0.6483988761901855,0.41335418820381165,0.03001352772116661,414,198,1
0000047.jpg,3,0.6642584204673767,0.44222506880760193,0.039194293320178986,425,212,1
0000047.jpg,4,0.6801952123641968,0.461299866437912,0.04532992094755173,435,221,1
0000047.jpg,5,0.6658191680908203,0.43430763483047485,-0.027989674359560013,426,208,1
0000047.jpg,6,0.6779042482376099,0.4932696223258972,-0.026680877432227135,433,236,1
0000047.jpg,7,0.6848071217536926,0.5287754535675049,-0.020644022151827812,438,253,1
0000047.jpg,8,0.6892483830451965,0.5534306168556213,-0.014279337599873543,441,265,1
0000047.jpg,9,0.6914465427398682,0.4216756224632263,-0.0245797298848629,442,202,1
0000047.jpg,10,0.7121378183364868,0.4833732545375824,-0.02190055511891842,455,232,1
0000047.jpg,11,0.7201911211013794,0.5171238780021667,-0.0057255919091403484,460,248,1
0000047.jpg,12,0.7251043319702148,0.5416034460067749,0.005814517382532358,464,259,1
0000047.jpg,13,0.7104140520095825,0.40437522530555725,-0.01334966067224741,454,194,1
0000047.jpg,14,0.7288528680801392,0.4586516320705414,0.002322627231478691,466,220,1
0000047.jpg,15,0.7246134281158447,0.4818892776966095,0.029421037063002586,463,231,1
0000047.jpg,16,0.7185222506523132,0.49318644404411316,0.04718511551618576,459,236,1
0000047.jpg,17,0.7234582304954529,0.3875919282436371,0.0008895350038073957,463,186,1
0000047.jpg,18,0.7335741519927979,0.43042078614234924,0.021181832998991013,469,206,1
0000047.jpg,19,0.7269266843795776,0.44716787338256836,0.04303950071334839,465,214,1
0000047.jpg,20,0.7189090847969055,0.45456844568252563,0.05866280570626259,460,218,1
0000048.jpg,0,0.6646950840950012,0.3162328004837036,-6.0448965086834505e-05,425,151,1
0000048.jpg,1,0.6450909972190857,0.37279263138771057,0.02428019605576992,412,178,1
0000048.jpg,2,0.648486316204071,0.41416722536087036,0.029470616951584816,415,198,1
0000048.jpg,3,0.6641486287117004,0.44474220275878906,0.03733862191438675,425,213,1
0000048.jpg,4,0.6810210347175598,0.4628452956676483,0.04208313673734665,435,222,1
0000048.jpg,5,0.6663243770599365,0.43326836824417114,-0.030607003718614578,426,207,1
0000048.jpg,6,0.6787232756614685,0.4941578507423401,-0.0290831346064806,434,237,1
0000048.jpg,7,0.6855286955833435,0.529289722442627,-0.022241031751036644,438,254,1
0000048.jpg,8,0.6900516152381897,0.5536420941352844,-0.015112243592739105,441,265,1
0000048.jpg,9,0.6918378472328186,0.42128729820251465,-0.027867648750543594,442,202,1
0000048.jpg,10,0.7136369943618774,0.48416411876678467,-0.025513621047139168,456,232,1
0000048.jpg,11,0.721142590045929,0.5178797245025635,-0.008516323752701283,461,248,1
0000048.jpg,12,0.7254478931427002,0.5415759086608887,0.0038422555662691593,464,259,1
0000048.jpg,13,0.710429310798645,0.40376389026641846,-0.017086125910282135,454,193,1
0000048.jpg,14,0.729777455329895,0.45920827984809875,-0.0007828764501027763,467,220,1
0000048.jpg,15,0.7241504192352295,0.4806232154369354,0.026932911947369576,463,230,1
0000048.jpg,16,0.717170238494873,0.4899730086326599,0.044639911502599716,458,235,1
0000048.jpg,17,0.7226058840751648,0.3863237202167511,-0.0033830127213150263,462,185,1
0000048.jpg,18,0.7331701517105103,0.43032047152519226,0.017225155606865883,469,206,1
0000048.jpg,19,0.7257375717163086,0.44668370485305786,0.038734082132577896,464,214,1
0000048.jpg,20,0.717115581035614,0.4540356993675232,0.053516365587711334,458,217,1
0000049.jpg,0,0.6658253073692322,0.3141528069972992,-5.795676770503633e-05,426,150,1
0000049.jpg,1,0.6450680494308472,0.3724055290222168,0.025253599509596825,412,178,1
0000049.jpg,2,0.6479704976081848,0.4138203263282776,0.030738143250346184,414,198,1
0000049.jpg,3,0.6639504432678223,0.4437694847583771,0.03873706981539726,424,213,1
0000049.jpg,4,0.6805291175842285,0.46218612790107727,0.0433788076043129,435,221,1
0000049.jpg,5,0.665104866027832,0.43343237042427063,-0.02868759073317051,425,208,1
0000049.jpg,6,0.6777074933052063,0.49350982904434204,-0.02655363827943802,433,236,1
0000049.jpg,7,0.6847856044769287,0.5292825698852539,-0.02037946879863739,438,254,1
0000049.jpg,8,0.6893216967582703,0.554072380065918,-0.014366933144629002,441,265,1
0000049.jpg,9,0.6906946301460266,0.4211473762989044,-0.026472436264157295,442,202,1
0000049.jpg,10,0.7114006280899048,0.48398295044898987,-0.024397028610110283,455,232,1
0000049.jpg,11,0.7196435928344727,0.5188546776771545,-0.009549624286592007,460,249,1
0000049.jpg,12,0.7247756123542786,0.5437808632850647,0.00031306029995903373,463,261,1
0000049.jpg,13,0.7098971605300903,0.40412962436676025,-0.01608620025217533,454,193,1
0000049.jpg,14,0.728487491607666,0.4593864977359772,0.00030099586001597345,466,220,1
0000049.jpg,15,0.7245648503303528,0.48319119215011597,0.02778477966785431,463,231,1
0000049.jpg,16,0.7187309265136719,0.49471259117126465,0.04475313425064087,459,237,1
0000049.jpg,17,0.7230601906776428,0.38738521933555603,-0.0026605825405567884,462,185,1
0000049.jpg,18,0.7328483462333679,0.431192547082901,0.018765630200505257,469,206,1
0000049.jpg,19,0.7260233759880066,0.44786733388900757,0.041151802986860275,464,214,1
0000049.jpg,20,0.7180300354957581,0.4550701975822449,0.05619710311293602,459,218,1
0000050.jpg,0,0.6638487577438354,0.3154393434524536,-6.868439231766388e-05,424,151,1
0000050.jpg,1,0.6405473351478577,0.36679816246032715,0.02294883131980896,409,176,1
0000050.jpg,2,0.6436296105384827,0.4099920988082886,0.028118301182985306,411,196,1
0000050.jpg,3,0.6622240543365479,0.4418678879737854,0.035758912563323975,423,212,1
0000050.jpg,4,0.6793869137763977,0.45958054065704346,0.041008979082107544,434,220,1
0000050.jpg,5,0.6634631752967834,0.4307968020439148,-0.02897300012409687,424,206,1
0000050.jpg,6,0.6765750646591187,0.4941003918647766,-0.025510219857096672,433,237,1
0000050.jpg,7,0.6840001344680786,0.5291367769241333,-0.016663968563079834,437,253,1
0000050.jpg,8,0.6891023516654968,0.55318683385849,-0.008667677640914917,441,265,1
0000050.jpg,9,0.6900372505187988,0.41997119784355164,-0.026622600853443146,441,201,1
0000050.jpg,10,0.7119258046150208,0.4850340485572815,-0.021421322599053383,455,232,1
0000050.jpg,11,0.7200567126274109,0.520203709602356,-0.002891169162467122,460,249,1
0000050.jpg,12,0.7247381210327148,0.5440155267715454,0.010143302381038666,463,261,1
0000050.jpg,13,0.7094601392745972,0.4027954936027527,-0.016827506944537163,454,193,1
0000050.jpg,14,0.7295941114425659,0.46095165610313416,0.0014368940610438585,466,221,1
0000050.jpg,15,0.7246935963630676,0.48327839374542236,0.029481191188097,463,231,1
0000050.jpg,16,0.7178249955177307,0.4929877519607544,0.04629020020365715,459,236,1
0000050.jpg,17,0.7227023243904114,0.38476553559303284,-0.004328895825892687,462,184,1
0000050.jpg,18,0.7334407567977905,0.43154188990592957,0.01674344763159752,469,207,1
0000050.jpg,19,0.7262412309646606,0.4475029706954956,0.03835587203502655,464,214,1
0000050.jpg,20,0.7177191376686096,0.4535517692565918,0.052565742284059525,459,217,1
0000051.jpg,0,0.6654680371284485,0.3152576982975006,-5.441492612590082e-05,425,151,1
0000051.jpg,1,0.6445132493972778,0.3719271421432495,0.027105314657092094,412,178,1
0000051.jpg,2,0.6475176215171814,0.4126548767089844,0.03462915122509003,414,198,1
0000051.jpg,3,0.6631764769554138,0.442106157541275,0.04394705966114998,424,212,1
0000051.jpg,4,0.6792651414871216,0.46068209409713745,0.050349391996860504,434,221,1
0000051.jpg,5,0.6652186512947083,0.4341978132724762,-0.024992281571030617,425,208,1
0000051.jpg,6,0.676963210105896,0.49476128816604614,-0.022471416741609573,433,237,1
0000051.jpg,7,0.6832812428474426,0.5297937393188477,-0.015866344794631004,437,254,1
0000051.jpg,8,0.687666118144989,0.5540866851806641,-0.009325983934104443,440,265,1
0000051.jpg,9,0.6906975507736206,0.4226735830307007,-0.02335059456527233,442,202,1
0000051.jpg,10,0.7108951807022095,0.48608994483947754,-0.020651431754231453,454,233,1
0000051.jpg,11,0.7186667919158936,0.5205259919166565,-0.005041127093136311,459,249,1
0000051.jpg,12,0.7239618301391602,0.5449008941650391,0.006249555852264166,463,261,1
0000051.jpg,13,0.7097471952438354,0.4056915044784546,-0.013387898914515972,454,194,1
0000051.jpg,14,0.728449821472168,0.46151256561279297,0.0033341797534376383,466,221,1
0000051.jpg,15,0.7238789200782776,0.48448067903518677,0.03186776116490364,463,232,1
0000051.jpg,16,0.7180365324020386,0.49510395526885986,0.05040726065635681,459,237,1
0000051.jpg,17,0.7232309579849243,0.3885836601257324,-0.00045371154556050897,462,186,1
0000051.jpg,18,0.7332667708396912,0.43304184079170227,0.020809726789593697,469,207,1
0000051.jpg,19,0.7262169122695923,0.4494520127773285,0.04368800297379494,464,215,1
0000051.jpg,20,0.7181755304336548,0.4562574625015259,0.060105402022600174,459,219,1
0000052.jpg,0,0.6645690202713013,0.3142760992050171,-6.041831511538476e-05,425,150,1
0000052.jpg,1,0.6438193321228027,0.3710438013076782,0.025561891496181488,412,178,1
0000052.jpg,2,0.6471161842346191,0.4130248427391052,0.03194485977292061,414,198,1
0000052.jpg,3,0.6628311276435852,0.44326233863830566,0.04031822457909584,424,212,1
0000052.jpg,4,0.6789289712905884,0.4634247422218323,0.04513849690556526,434,222,1
0000052.jpg,5,0.6644202470779419,0.43409645557403564,-0.02806752920150757,425,208,1
0000052.jpg,6,0.6771425008773804,0.4949699938297272,-0.02626478113234043,433,237,1
0000052.jpg,7,0.684211790561676,0.5297119617462158,-0.018677372485399246,437,254,1
0000052.jpg,8,0.6890972256660461,0.5539937615394592,-0.010735617019236088,441,265,1
0000052.jpg,9,0.690170407295227,0.42179083824157715,-0.025662679225206375,441,202,1
0000052.jpg,10,0.7122785449028015,0.4841011166572571,-0.020528681576251984,455,232,1
0000052.jpg,11,0.7198010683059692,0.5170716047286987,-0.0015224447706714272,460,248,1
0000052.jpg,12,0.7240599989891052,0.5404078960418701,0.012218134477734566,463,259,1
0000052.jpg,13,0.7091566920280457,0.40411436557769775,-0.015392743051052094,453,193,1
0000052.jpg,14,0.7289734482765198,0.4591256380081177,0.0028098993934690952,466,220,1
0000052.jpg,15,0.7244056463241577,0.4806666672229767,0.03237217292189598,463,230,1
0000052.jpg,16,0.7181893587112427,0.49014705419540405,0.051197826862335205,459,235,1
0000052.jpg,17,0.72212815284729,0.38623079657554626,-0.0021096712443977594,462,185,1
0000052.jpg,18,0.7328461408615112,0.4304673373699188,0.019701387733221054,469,206,1
0000052.jpg,19,0.7258192300796509,0.44644150137901306,0.04273395985364914,464,214,1
0000052.jpg,20,0.7173831462860107,0.4529005289077759,0.05896148085594177,459,217,1
0000053.jpg,0,0.6650189757347107,0.3158819079399109,-6.120871694292873e-05,425,151,1
0000053.jpg,1,0.6447045207023621,0.3732343316078186,0.024799533188343048,412,179,1
0000053.jpg,2,0.6476843953132629,0.413993239402771,0.030515925958752632,414,198,1
0000053.jpg,3,0.6634001135826111,0.44452500343322754,0.038648512214422226,424,213,1
0000053.jpg,4,0.6796258091926575,0.4639437198638916,0.04405803233385086,434,222,1
0000053.jpg,5,0.6654785871505737,0.4336230158805847,-0.029420506209135056,425,208,1
0000053.jpg,6,0.6777557134628296,0.49484074115753174,-0.02795548178255558,433,237,1
0000053.jpg,7,0.6842730045318604,0.5300514698028564,-0.020824305713176727,437,254,1
0000053.jpg,8,0.6887250542640686,0.5544912219047546,-0.013548110611736774,440,266,1
0000053.jpg,9,0.6910197138786316,0.421496719121933,-0.026904961094260216,442,202,1
0000053.jpg,10,0.7118093371391296,0.4850868582725525,-0.02470654807984829,455,232,1
0000053.jpg,11,0.7195755243301392,0.5193687677383423,-0.008184966631233692,460,249,1
0000053.jpg,12,0.7247133255004883,0.5438663959503174,0.0038313635159283876,463,261,1
0000053.jpg,13,0.7099255919456482,0.40392887592315674,-0.016132963821291924,454,193,1
0000053.jpg,14,0.7286105155944824,0.4596855342388153,0.0007941325311549008,466,220,1
0000053.jpg,15,0.7238670587539673,0.48188909888267517,0.02963375300168991,463,231,1
0000053.jpg,16,0.7177640199661255,0.4922199547290802,0.04822034388780594,459,236,1
0000053.jpg,17,0.7229167222976685,0.3865477442741394,-0.0024381165858358145,462,185,1
0000053.jpg,18,0.7332438230514526,0.43101051449775696,0.01801876537501812,469,206,1
0000053.jpg,19,0.7269737720489502,0.4482150375843048,0.040104955434799194,465,215,1
0000053.jpg,20,0.7192894816398621,0.4564529061317444,0.055979080498218536,460,219,1
